Date,Carbohydrates,Fiber,Protein,Fat,Item Description,Unit Price
3/1/2023,214.2,0,0,0,BLOW BUBBLE GUM 50PCS, RM14.50 
3/1/2023,1520,0,80,560,CHOCO BALL EARTH / GOLD / MIX COLOUR 100PCS, RM7.00 
3/1/2023,760,0,40,280,CHOCO BALL EARTH / GOLD / MIX COLOUR 100PCS, RM7.00 
3/1/2023,108.1,0,0,0,DRAWING RULER+LOLLIPOP 30PCS, RM8.20 
3/1/2023,669.6,0,446.4,460.35,DUTCH LADY FRESH MILK 450ML, RM3.82 
5/1/2023,163.2,0,0,7.2,RICO ASSORTED PUDDING 24PCS, RM3.32 
5/1/2023,326.4,0,0,14.4,RICO ASSORTED PUDDING 24PCS, RM3.32 
5/1/2023,336,0,0,24,RICO AUTO-MAN PUDDING 24PCS, RM3.32 
5/1/2023,336,0,0,24,RICO AUTO-MAN PUDDING 24PCS, RM3.32 
5/1/2023,1350,0,6,54,RICO GRAPE PUDDING 24PCS, RM3.32 
5/1/2023,4800,0,0,0,RICO JELLY CUP 100PCS, RM4.85 
5/1/2023,800,0,0,0,RICO JELLY CUP 100PCS, RM4.85 
5/1/2023,60,0,0,0,RICO LONG JELLY 10PCS, RM1.98 
5/1/2023,150,0,0,25,RICO MIX FRUIT JELLY 250G, RM0.83 
5/1/2023,800,0,0,0,RICO PUDDING CUP 100PCS, RM5.47 
5/1/2023,168,0,0,12,RICO PUDDING POPPEN 24PCS, RM4.00 
5/1/2023,870.4,0,0,38.4,RICO STRAW PUDDING 24PCS, RM3.32 
5/1/2023,648,0,0,0,RICO UMBRELLA PUDDING 24PCS, RM4.00 
7/1/2023,996.4,0,333.9,201.4,DUTCH LADY BANANA 200ML, RM1.44 
7/1/2023,57,0,26,12,DUTCH LADY LOW FAT 1LIT, RM6.05 
9/1/2023,40.125,29.775,12.225,13.275,BABA'S SERBUK KARI IKAN MASIN 25G, RM0.90 
9/1/2023,41.475,43.925,25.725,32.2,BABA'S SERBUK RENDANG 25G, RM0.90 
9/1/2023,27.5,0,0,0,REX APPLE DRINK 250ML, RM0.63 
9/1/2023,28.3,0,0.8,0,REX ORANGE DRINK 250ML, RM0.63 
10/1/2023,100,0,0,0,MIXX KONJAC JELLY 40PCS, RM12.00 
10/1/2023,90.36,0,0,0,SUCKING C PACIFIER CANDY 30PCS, RM8.80 
10/1/2023,3360,0,0,0,ULTRAMAN BURST BUBBLE GUM 60PCS, RM17.60 
12/1/2023,72.25,17,15.3,1.7,YEO'S BAKED BEANS 425G, RM3.87 
12/1/2023,17.36,0,25.73,11.47,YEO'S SARDINES 155G, RM3.31 
13/1/2023,1602,0,40,8,SSYP BING XUE MEI 2KG, RM31.50 
14/1/2023,226,0,33.6,113.2,KITKAT CHUNKY RAISIN & COOKIES 38G, RM2.52 
16/1/2023,125.4,0,1.32,0,SUNQUICK MANDARIN 330ML, RM2.75 
16/1/2023,25,0,0.3,0.3,SUNQUICK TROPICAL 330ML, RM2.75 
16/1/2023,1337.6,60.8,243.2,456,CINTAN PERISA KARI 5PCS, RM3.65 
16/1/2023,7720,0,710,290,JATI BERAS JELAPANG 10KG, RM27.72 
16/1/2023,560,0,72,132,KIMBALL SOS KEJU 1KG, RM9.55 
16/1/2023,180,136,94,84,VAN HOUTEN COCOA POWDER 100G, RM7.14 
17/1/2023,3750.75,0,150.03,0,DAQIAN MARSHMALLOW 500G, RM7.10 
17/1/2023,456,0,24,24,MENTOS MINI RAINBOW 100PCS, RM20.50 
18/1/2023,468.72,0,28.08,211.68,ALIBABA COLORFUL COIN CHOC 300PCS,RM14.80
18/1/2023,900,0,0,0,ALIBABA FRUIT JELLY 100PCS, RM5.04 
18/1/2023,3600,0,0,0,ALIBABA FRUIT PUDDING 100PCS, RM5.04 
18/1/2023,940.8,0,48,0,ALIBABA VIVI JELLY NATA G+S 24PCS, RM7.10 
18/1/2023,5688,0,504,1512,APOLLO CHOCO STICK WAFER 1044A 30PCS, RM5.80 
18/1/2023,225,0,0,0,BESBITE MILK ICE TUBE 450ML, RM2.10 
18/1/2023,1313.28,0,43.776,18.432,BESBITE MIXED FRUIT PUDDING 6X120G, RM3.80 
18/1/2023,357.5,0,825,1375,HOGOMAS / BESBITE KUACI 110G, RM1.85 
18/1/2023,290,20,40,70,MI SEDAAP KOREAN SPICY CHICKEN 5PCS, RM4.64 
18/1/2023,96.6,0,9.8,28,NABATI RICHOCO 7GX20PCS, RM3.40 
18/1/2023,132,0,92,164,SCH KACANG SANTONG KARI 200G, RM3.73 
18/1/2023,432,0,6,126,SCH UBI KEPING MASIN 600G, RM5.45 
18/1/2023,1620,0,234,984,SUKAS BBQ TUBE 300G, RM4.90 
18/1/2023,72.5,0,8.75,3.75,WINKIDZ APPLE 250ML, RM2.01 
18/1/2023,41.2,0,0,0,YOGEE KONJAC JELLY APPLE 200G (10'S), RM3.00 
18/1/2023,288.4,0,0,0,YOGEE KONJAC JELLY APPLE 200G (10'S), RM3.00 
18/1/2023,82.4,0,0,0,YOGEE KONJAC JELLY LEMON 200G (10'S), RM3.00 
18/1/2023,232.9,0,501.5,870.4,ZIZI KUACI CARAMEL 108G, RM1.90 
20/1/2023,123.3,0,265.5,460.8,ZIZI KUACI BUTTER 108G, RM1.90 
20/1/2023,123.3,0,265.5,460.8,ZIZI KUACI BUTTER 108G, RM1.90 
25/1/2023,250,0,925,1380,MEGA FOOD AUSTRALIAN CHEDDAR 12SLICES, RM8.39 
25/1/2023,0,0,17.5,1400,MEGA FOOD BUTTER SALTED 250G, RM8.40 
25/1/2023,13.5,0,13.5,1847.25,MEGA FOOD BUTTER UNSALTED 250G, RM8.40 
31/1/2023,88,0,0,0,DOLPHIN FRUITS JELLY STICK 360G, RM2.30 
31/1/2023,108.16,5.44,5.44,0,DOLPHIN FRUITS PUDDING W/NATA DE COCO 40GX8PCS, RM2.50 
31/1/2023,432,36,0,0,DOLPHIN KONJAC JELLY GRAPE 15PCS, RM4.40 
31/1/2023,173.056,8.704,8.704,0,DOLPHIN MANGO JELLY W/NATA DE COCO 32GX8PCS, RM2.50 
31/1/2023,150,30,0,0,DOLPHIN MIX FRUIT NATA JELLY 100PCS, RM7.90 
31/1/2023,76.8,15.36,0,0,DOLPHIN MIXED FRUIT JELLY W/NATA DE COCO 256G, RM1.50 
31/1/2023,450,30,0,0,DOLPHIN NATA DE COCO KIWI 1.5KG, RM6.10 
31/1/2023,129.6,43.2,0,0,DOLPHIN NATA DE COCO W/LYCHEE DRINK 800G, RM3.70 
31/1/2023,129.6,43.2,0,0,DOLPHIN NATA DE COCO W/MANGO DRINK 430G, RM2.40 
31/1/2023,64.8,21.6,0,0,DOLPHIN NATA DE COCO W/MANGO DRINK 800G, RM3.70 
31/1/2023,129.6,43.2,0,0,DOLPHIN NATA DE COCO W/STRAW DRINK 800G, RM3.70 
31/1/2023,66,13.5,0,0,DOLPHIN YOGO SNAPZ FRUITS PUDDING STICK 45MLX8PCS, RM2.50 
31/1/2023,615.6,0,280.8,129.6,DUTCH LADY LOW FAT 450ML, RM3.73 
1/2/2023,1520,0,80,560,CHOCO BALL EARTH / GOLD / MIX COLOUR 100PCS, RM7.00 
1/2/2023,416.75,0,16.67,0,DAQIAN MARSHMALLOW 500G, RM7.10 
1/2/2023,750,150,0,0,DOLPHIN MIX FRUIT NATA JELLY 100PCS, RM7.90 
1/2/2023,304.2,15.3,15.3,0,DOLPHIN MIX FRUIT NATA PUDDING 85GX6PCS, RM4.15 
1/2/2023,26.775,0,167.025,116.025,MARINA SARDIN 425G, RM5.86 
1/2/2023,280,0,0,20,RAINBOW SPARY 20PCS, RM6.00 
1/2/2023,96.3,0,27,17.1,VITAMILK D/CHOCO SHAKE 300ML, RM1.84 
1/2/2023,300,20,100,120,V-SOY MULTI-GRAIN 1000ML, RM4.54 
1/2/2023,45,3,6,36,WATER GAME 8PCS, RM2.08 
3/2/2023,417,0,85.1,134,ALIBABA MELON SEEDS CHOC 1000G, RM17.70 
3/2/2023,940.8,0,48,0,ALIBABA VIVI JELLY NATA G+S 24PCS, RM7.10 
3/2/2023,940.8,0,48,0,ALIBABA VIVI JELLY NATA M+L 24PCS, RM7.10 
3/2/2023,369.6,0,39,159,CADBURY D/MILK MARVC JELLY POP 150G, RM7.40 
3/2/2023,29.25,0,3.9,15.5,CADBURY DAIRY MILK BUBBLY 50G, RM2.73 
3/2/2023,210.528,0,18.36,65.484,CHIPSMORE ORIGINAL 153G, RM3.56 
3/2/2023,272,16,32,72,JACOB'S WEETAMEAL 8PCS (BOX), RM5.09 
3/2/2023,244,0,38.5,73,MAGGI 2MNT BIG AYAM 5PCS, RM4.95 
3/2/2023,219.5,0,33,78,MAGGI MI GORENG SAMBAL T/BILIS 5PCS, RM5.79 
3/2/2023,95.62,5.04,16.1,4.9,MAGGI PAZZTA MUSHROOM PENNE 70G, RM2.79 
3/2/2023,59.461,0,8.148,20.661,MAGGI PEDAS GILER SEA FOOD 97G (BOWL), RM3.18 
3/2/2023,188.864,8.172,12.712,55.388,OREO SMALL CRUSHED COOKIES PIECES 454G, RM9.46 
3/2/2023,54,0,4.5,14.25,TIGER BISKUAT SUSU 75G, RM0.97 
3/2/2023,232.9,0,501.5,870.4,ZIZI KUACI CARAMEL 108G, RM1.90 
6/2/2023,3216,0,60,6,KIMBALL SOS LADA HITAM 1KG, RM6.85 
6/2/2023,1024,0,28,0,KIMBALL SOS TOMATO 1KG, RM4.43 
6/2/2023,38.27,0,8.17,0.43,KIMBALL PATI TOMATO 430G, RM4.30 
6/2/2023,376.2,0,3.96,0,SUNQUICK MANDARIN 330ML, RM2.75 
6/2/2023,113.76,0,25.2,14.64,ADABI KARI IKAN 24G, RM1.06 
6/2/2023,0.646,0,0.221,0.119,ADABI NASI GORENG TOM YAM 17G, RM1.00 
6/2/2023,432.6,0,48.3,308.7,ADABI PERENCAH IKAN BAKAR 350G, RM6.50 
6/2/2023,72,39.6,28.8,82.8,ADABI PERENCAH ODEN TOM YAM 120G,RM5.39
6/2/2023,38.64,7.56,8.96,22.68,ADABI PERENCAH TOM YAM PUTIH 40G,RM1.30
6/2/2023,138.4,0,16.8,58.4,ADABI PERENCAH TOM YAM SEAFOOD 200G,RM5.00
6/2/2023,128,0,0,0,ALIBABA JELLY DRINK 90MLX20PCS, RM7.10 
6/2/2023,470.4,0,24,0,ALIBABA VIVI JELLY NATA 12PCS, RM3.75 
6/2/2023,110.8,0,20.4,160,ALICAFE 250ML, RM3.50 
6/2/2023,112.5,0,0,0,BESBITE MILK ICE TUBE 450ML, RM2.10 
6/2/2023,900,0,100,100,BESBITE POP-POP ICE TUBE 750ML, RM1.70 
6/2/2023,84,0,26,13.2,DUTCH LADY CHOCO 1LIT, RM5.71 
6/2/2023,1008,0,364,182,DUTCH LADY STRAWBERRY 1LIT, RM5.71 
6/2/2023,2272,0,32,16,KIMBALL SOS BBQ 1KG, RM7.94 
6/2/2023,493.5,0,52.5,31.5,KIMBALL SOS PASTA TRADISIONAL 350G, RM4.21 
6/2/2023,374.4,0,5.2,119.6,SCH JEJARI UBI KAYU PEDAS 520G, RM4.46 
6/2/2023,432,0,6,126,SCH UBI KEPING MASIN 600G, RM5.45 
7/2/2023,560,0,0,0,BIRDIE EGG BUBBLE GUM 30PCS, RM8.80 
7/2/2023,905,0,92.5,56.25,MOTOKAR SERBUK KUNYIT 250G, RM3.20 
7/2/2023,2896,0,296,180,MOTOKAR SERBUK KUNYIT 500G, RM6.30 
7/2/2023,198,7.5,31.8,10.5,MOTOKAR SERBUK LADA HITAM 100G, RM5.70 
7/2/2023,210,0,0,0,PEARL CANDY 30PCS, RM8.80 
7/2/2023,93,0,0,0,SUMMER FRESH COLA 10PCS, RM3.13 
7/2/2023,372,0,0,0,SUMMER FRESH COLA BLUE 10PCS, RM3.13 
7/2/2023,186,0,0,0,SUMMER FRESH ORANGE 10PCS, RM3.13 
7/2/2023,93,0,0,0,SUMMER FRESH SARSI 10PCS, RM3.13 
7/2/2023,55.8,0,0,0,SUMMER FRESH S'BERRY I/CREAM POP 6PCS, RM1.80 
7/2/2023,93,0,0,0,SUMMER FRESH STRAW 10PCS, RM3.13 
7/2/2023,35,0,0,0,SUPER KONJAC JELLY 40PCS, RM12.00 
10/2/2023,3552,0,8,0,ABC TEPUNG UBI KAYU 500G, RM1.50 
10/2/2023,115.5,34.5,38,33.5,ADABI KARI AYAM & DAGING 250G, RM4.90 
10/2/2023,118.5,0,26.25,15.25,ADABI KARI IKAN 250G, RM4.90 
10/2/2023,51,0,51,0,ALISHAN WHOLE MUSHROOMS 425G, RM2.92 
10/2/2023,81.2,0,7.28,27.44,CHIPSMORE MINI HALZENUT 80G, RM1.86 
10/2/2023,403,0,37,2.35,ERAWAN TEPUNG BERAS 500G, RM1.75 
10/2/2023,815,0,75,9,GAJAH TEPUNG BERAS 1KG, RM3.30 
10/2/2023,102,0,21.25,0,HOBE RED KIDNEY BEANS 425G, RM3.10 
10/2/2023,712.8,0,79.2,0,JALEN KICAP MASIN 325ML, RM3.04 
10/2/2023,53.55,0,2.975,7.65,KIMBALL SUP TOMATO 425G, RM3.21 
10/2/2023,323.4,19.8,0,0,LIFE SOS CILI 330G, RM2.60 
10/2/2023,163.2,0,0,7.2,RICO ASSORTED PUDDING 24PCS, RM3.32 
10/2/2023,2176,0,0,96,RICO LYCHEE PUDDING 24PCS, RM4.02 
10/2/2023,2176,0,0,96,RICO PINEAPPLE PUDDING 24PCS, RM4.02 
10/2/2023,0,0,0,0,SAJIKU GARAM HALUS 1KG, RM1.00 
10/2/2023,118.6,0,8.8,3.2,SAJIKU KUAH ROJAK ASLI 200G, RM2.50 
10/2/2023,118.6,0,8.8,3.2,SAJIKU KUAH ROJAK ASLI 300G, RM3.40 
10/2/2023,0,0,48,16,SRI MELATI SARDINE 400G, RM3.46 
11/2/2023,8150,0,750,90,GAJAH TEPUNG BERAS 1KG, RM3.30 
13/2/2023,19.92,0,18.6,30.48,BABA'S CUMIN POWDER (JINTAN PUTIH) 20G, RM0.78 
13/2/2023,51.24,33.96,21.24,28.56,BABA'S FENNEL POWDER (JINTAN MANIS) 20G, RM0.78 
13/2/2023,472.72,15.2,74.48,157.32,CINTAN ASAM LAKSA 5PCS, RM5.33 
13/2/2023,934.8,30.4,174.8,288.8,CINTAN TOM YAM 5PCS, RM5.33 
13/2/2023,158.05,15.66,17.4,78.3,MR POTATO CRISPS ORI 145G, RM3.55 
13/2/2023,1281,0,102,387,TOKI TOMATO CORN STICK 60G, RM1.02 
13/2/2023,411.36,9.6,24,14.88,WHISKAS TUNA FLAVOUR 480G 1+YEARS, RM6.38 
13/2/2023,21,0,0,0,YEO'S C/THEMUM TEA 300ML (TIN), RM1.22 
13/2/2023,16.24,0,34.22,21.75,YEO'S KARI AYAM 145G, RM3.05 
13/2/2023,25.5,0,0,0,YEO'S LYCHEE 250ML (KOTAK), RM0.77 
13/2/2023,35,0,1,1.3,YEO'S YEOGURT GRAPE 250ML, RM1.48 
14/2/2023,76.8,15.36,0,0,DOLPHIN MIXED FRUIT JELLY W/NATA DE COCO 256G, RM1.50 
14/2/2023,450,30,0,0,DOLPHIN NATA DE COCO MANGO 1.5KG, RM6.10 
14/2/2023,64,0,64,160,MEG SLICES CHEESE 8SLICES, RM3.95 
14/2/2023,3887.46,56.34,394.38,1183.14,MUNCHY'S C/KER S/WICH BUTTER 313G, RM4.28 
14/2/2023,355.6,15.24,45.72,91.44,MUNCHY'S CHEERMIX 508G, RM7.10 
14/2/2023,125.4,5.7,13.3,43.7,MUNCHY'S LEXUS CHOCO 190G, RM4.83 
14/2/2023,851.2,39.9,93.1,319.2,MUNCHY'S LEXUS LEMON CREAM 190G, RM4.83 
14/2/2023,657,9,81,135,MUNCHY'S LEXUS LEMON CREAM 190G, RM4.83 
14/2/2023,438,6,54,90,MUNCHY'S MARIE CAPPUCCINO 300G, RM4.33 
14/2/2023,284.7,7.8,31.2,62.4,MUNCHY'S VEGE CRACKERS 390G, RM4.07 
14/2/2023,326.4,0,0,14.4,RICO ASSORTED PUDDING 24PCS, RM3.65 
14/2/2023,504,0,0,36,RICO AUTO-MAN PUDDING 24PCS, RM3.65 
14/2/2023,800,0,0,0,RICO JELLY CUP 100PCS, RM4.85 
14/2/2023,1305.6,0,0,57.6,RICO LYCHEE PUDDING 24PCS, RM3.65 
14/2/2023,217.6,0,0,9.6,RICO MANGO PUDDING 24PCS, RM3.65 
14/2/2023,217.6,0,0,9.6,RICO PINEAPPLE PUDDING 24PCS, RM3.65 
14/2/2023,216,0,0,0,RICO UMBRELLA PUDDING 24PCS, RM4.00 
14/2/2023,21,0,0,0,YEO'S CHRYSANTHEMUM TEA 250ML (KOTAK), RM18.20 
15/2/2023,361.44,0,0,0,ALIBABA DRINK POP CANDY 24PCS, RM7.10 
15/2/2023,2349.36,0,0,0,ALIBABA FOOT & FINGER LOLLIPOP 24PCS, RM7.10 
15/2/2023,409.08,0,0,0,ALIBABA SUPER POP FRUIT FLAVOR, RM30.00 
15/2/2023,102.24,0,13.28,38.4,HET MARJERIN ROTI KOK 160G+-, RM2.55 
16/2/2023,6923,0,230,1150,MARIGOLD K&T SWEET CREAMER 500G, RM2.02 
16/2/2023,43.5,0,124.5,505.5,BEGA TATURA CREAM CHEESE 250G, RM8.80 
16/2/2023,151.8,0,96.6,1614.6,EMBORG WHIPPING CREAM 200ML, RM6.85 
16/2/2023,0,0,487.32,242.76,FIRST PRIDE BBQ CHICKEN 600G, RM12.50 
16/2/2023,1.5,0,65,55.5,GUD SHREDDED MOZZARELLA 250G, RM12.00 
16/2/2023,592,0,652,84,KLFC MARINATED S/B CHICKEN CHOP 1KG, RM22.58 
16/2/2023,511,0,591.5,273,KLFC TERIYAKI CHICKEN WITH SAUCE 350G, RM11.86 
16/2/2023,22.5,0,18.75,2925,LURPAK BUTTER S/SALTED 250G, RM10.50 
16/2/2023,16.5,0,13.75,2145,LURPAK BUTTER UNSALTED 250G, RM8.90 
16/2/2023,589.68,0,207.48,458.64,MARIGOLD KRIMER SEJAT 390G, RM3.06 
16/2/2023,290,20,40,70,MI SEDAAP KOREAN SPICY CHICKEN 5PCS, RM4.84 
16/2/2023,435,0,52.5,22.5,WINGO STICK CHOC WITH DURIAN 40PCS, RM6.60 
17/2/2023,526.02,0,47.52,5.28,3D BURSTING BALL EYEBALL 30PCS, RM9.00 
17/2/2023,526.02,0,47.52,5.28,3D BURSTING BALL SWEET DUCK 30PCS, RM9.00 
18/2/2023,11025,0,0,0,F&N SARSI 1.5LIT, RM34.20 
20/2/2023,35.75,0,0,0,SPRITZER SO TINGE TEMBIKAI 325ML, RM1.07 
20/2/2023,46,0,0,0,SPRITZER SPARKLING 325ML, RM0.75 
21/2/2023,840,0,0,0,BURST ANGRY BITE BUBBLE GUM 60PCS, RM17.60 
21/2/2023,2397,0,192,18,CAP CINTA KETUPAT NASI MINI 600G, RM4.49 
21/2/2023,108.1,0,0,0,DRAWING RULER+LOLLIPOP 30PCS, RM8.20 
21/2/2023,4800,0,0,0,HORSE POPPING LOLLIPOP 30PCS, RM8.80 
21/2/2023,7134.6,0,0,0,ICE CREAM LOLLIPOP 30PCS, RM9.00 
21/2/2023,279,0,18,27,MARSHMALLOW CHOCOLATE 30PCS, RM8.80 
21/2/2023,330,0,0,0,MIMI LOLLIPOP 30PCS, RM9.00 
21/2/2023,325.6,0,9.2,0,PANDA MARSHMALLOW 80PCS, RM6.60 
21/2/2023,280,0,0,20,RAINBOW SPARY 20PCS, RM6.00 
21/2/2023,152.15,0,35.7,3.4,REX KACANG PANGGANG 425G, RM2.51 
21/2/2023,106.25,59.5,79.9,6.8,REX KACANG PEA 425G, RM2.51 
21/2/2023,486.45,0,0,0,SQUID GAME OF SUGAR CANDY 30PCS, RM8.80 
21/2/2023,10701.9,0,0,0,SQUID LIGHT LOLLIPOP 30PCS, RM8.80 
21/2/2023,70,0,0,0,SUPER KONJAC JELLY 40PCS, RM12.00 
21/2/2023,35,0,0,0,SUPER KONJAC JELLY 40PCS, RM12.00 
21/2/2023,385.44,0,0,0,TUMBLER CANDY 30PCS, RM8.80 
21/2/2023,13369.2,312,780,483.6,WHISTLE & POPPING CANDY 30PCS, RM8.80 
22/2/2023,840,0,23,0,JOMEI MARSHMALLOW 500G, RM7.00 
22/2/2023,413.5,0,12,43,JOMEI STONE CANDY 500G, RM6.00 
22/2/2023,4806,0,120,24,SSYP BAI MU GUA SI 2KG, RM22.50 
22/2/2023,4806,0,120,24,SSYP JIU ZHI CHENG TIAO 2KG, RM26.70 
23/2/2023,5658.96,0,0,0,CED PURE HONEY 380G, RM8.60 
23/2/2023,320.4,0,8,1.6,HARIMAU SERBUK ASAM 400G, RM4.30 
23/2/2023,348,0,12,36,HPG HAW FLAKES 12PCS, RM3.60 
23/2/2023,23.2,3.2,2,14,HPG MACARONS LEMON 80PCS, RM4.80 
23/2/2023,80,0,0,0,HPG SLICE KONJAC JELLY CANDY 40PCS, RM11.30 
23/2/2023,903,0,63,10.5,MIMICO JELLY DROPS 350G, RM3.65 
23/2/2023,0,0,0,1572.48,PLANTA MARGARINE 480G, RM10.26 
23/2/2023,163.2,0,0,7.2,RICO ASSORTED PUDDING 24PCS, RM3.32 
23/2/2023,163.2,0,0,7.2,RICO ASSORTED PUDDING 24PCS, RM3.65 
23/2/2023,675,0,3,27,RICO GRAPE PUDDING 24PCS, RM3.65 
23/2/2023,800,0,0,0,RICO JELLY CUP 100PCS, RM4.85 
23/2/2023,1600,0,0,0,RICO JELLY CUP 100PCS, RM4.85 
23/2/2023,75,0,0,12.5,RICO MIX FRUIT JELLY 250G, RM0.83 
23/2/2023,217.6,0,0,9.6,RICO ORANGE PUDDING 24PCS, RM3.65 
23/2/2023,800,0,0,0,RICO PUDDING CUP 100PCS, RM5.47 
23/2/2023,648,0,0,0,RICO UMBRELLA PUDDING 24PCS, RM4.00 
23/2/2023,432,0,0,0,RICO UMBRELLA PUDDING 24PCS, RM4.00 
23/2/2023,90,3.8,15,2.5,SAN REMO SPAGHETTI 500G, RM4.42 
23/2/2023,1540,55.6,220,20,SELVA ELBOW DIRSEK 500G, RM3.25 
23/2/2023,11165,403.1,1595,145,SELVA SPAGHETTI KLASIK 500G, RM3.25 
23/2/2023,13.5,4.5,12,22.5,VF MIX 150G, RM5.30 
23/2/2023,1474.04,34.4,86,53.32,VFOODS MINI TIN CHOCO BEAR 430G, RM8.50 
23/2/2023,2211.06,51.6,129,79.98,VFOODS MINI TIN COOKIES WHITE CREAM 430G, RM9.80 
23/2/2023,2211.06,51.6,129,79.98,VFOODS MINI TIN DURIAN CREAM COOKIES 430G, RM9.63 
23/2/2023,737.02,17.2,43,26.66,VFOODS MINI TIN SEASONING CHICKEN STICKS 430G, RM9.00 
23/2/2023,368.51,8.6,21.5,13.33,VFOODS MINI TIN V-O BLACK CHOC 430G, RM9.00 
24/2/2023,389.34,0,43.47,277.83,ADABI PERENCAH IKAN BAKAR 70G, RM1.50 
24/2/2023,207.6,0,25.2,87.6,ADABI PERENCAH TOM YAM SEAFOOD 40G,RM1.30
24/2/2023,256.88,7.6,34.58,57.76,CINTAN PERISA ASLI 5PCS, RM3.00 
24/2/2023,3009.6,136.8,547.2,1026,CINTAN PERISA KARI 5PCS, RM3.65 
24/2/2023,15440,0,1420,580,JATI BERAS JELAPANG 10KG, RM27.72 
24/2/2023,15440,0,1420,580,JATI BERAS JELAPANG 10KG, RM27.72 
24/2/2023,3860,0,355,145,JATI BERAS JELAPANG 5KG, RM14.16 
24/2/2023,128,8,16,48,JULIE'S OAT 25 TEN GRAIN 12PCS, RM14.40 
24/2/2023,9750,0,0,4000,SCH UBI SAMBAL 300G, RM4.60 
24/2/2023,89.952,0,0,0,SUGALOVA TASTY LOLLIPOPS 40PCS, RM6.45 
27/2/2023,0,0,0,830,SERI PELANGI MARJERIN 1KG, RM8.00 
1/3/2023,93,0,6,9,MARSHMALLOW CHOCOLATE 30PCS, RM8.80 
1/3/2023,597,0,0,3,POACHED EGG SHAPE PUDDING JELLY 30PCS, RM9.00 
1/3/2023,560,0,0,40,RAINBOW SPARY 20PCS, RM6.00 
1/3/2023,15,1,2,12,WATER GAME 8PCS, RM2.00 
3/3/2023,20.16,0,49.6,27.2,AYAM BRAND TUNA 160G, RM6.42 
7/3/2023,140.4,0,18.72,74.4,CADBURY DAIRY MILK BUBBLY 120G, RM7.40 
7/3/2023,183.96,0,11.844,46.62,CADBURY SHOTS 18G, RM0.82 
7/3/2023,292,0,18.8,74,CADBURY SHOTS 39.6G, RM1.65 
7/3/2023,99.4,0,8.4,28.7,CHIPSMORE DOUBLE CHOCO 153G, RM3.56 
7/3/2023,336,16,16,96,MINI OREO CHOCOLATE 8PCS, RM6.03 
7/3/2023,54,2.7,5.4,16.2,OREO PEANUT BUTTER & CHOC 9X29.4G, RM5.25 
7/3/2023,108,0,9,28.5,TIGER BISKUAT SUSU 75G, RM0.97 
9/3/2023,376.2,0,21.6,0,BIHO LAKSA BERAS (M) 450G, RM2.51 
9/3/2023,1600,0,0,0,RICO JELLY CUP 100PCS, RM4.85 
9/3/2023,1088,0,0,48,RICO PINEAPPLE PUDDING 24PCS, RM3.65 
10/3/2023,500,0,133,183,ADABI KURMA AYAM & DAGING 250G, RM6.00 
10/3/2023,496.5,87.75,58.5,33,ADABI SERBUK KUNYIT 250G,RM5.50
10/3/2023,93.6,7.2,36,7.2,ADABI T/GORENG SERBAGUNA 180G,RM1.80
10/3/2023,119.78,0,1.695,2.825,ALISHAN KING LONGANS 565G, RM6.00 
10/3/2023,1552.5,129.375,139.725,0,CAP KIPAS UDANG K/L MASIN 345ML, RM4.53 
10/3/2023,806,0,74,4.7,ERAWAN TEPUNG BERAS 1KG, RM3.40 
10/3/2023,2821,0,259,16.45,ERAWAN TEPUNG BERAS 500G, RM1.75 
10/3/2023,3124,0,44,22,KIMBALL SOS BBQ 1KG, RM8.60 
10/3/2023,355.8,0,26.4,9.6,SAJIKU KUAH ROJAK ASLI 300G, RM4.10 
11/3/2023,0,0,236.7,175.5,AL-AALI FROZEN BONELESS BUFFALO MEAT 900GM,RM10.75
11/3/2023,210,20,20,20,BUMIMAS FRENCH FRIED CRINKLE CUT 1KG, RM8.50 
12/3/2023,96,0,72,12,ALIBABA DIDI CLUD STICK 10PCS, RM1.58 
12/3/2023,640,0,0,0,ALIBABA JELLY DRINK 90MLX20PCS, RM7.10 
12/3/2023,120,0,0,0,V-KA JOLA LOLLIPOP 24PCS, RM22.80 
12/3/2023,40,0,0,0,V-KA LOLLIPOP 1PCS, RM0.95 
12/3/2023,720,0,0,0,V-KA LOLLIPOP 24PCS, RM22.80 
14/3/2023,8,0,12,4,MAGGI KIUB PATI IKAN BILIS 6X10G, RM2.83 
14/3/2023,220,0,88,88,MAGGI KIUB PATI TOM YAM 6X10G, RM2.83 
14/3/2023,1200,0,0,0,MIXX KONJAC JELLY 40PCS, RM12.00 
14/3/2023,560,0,0,40,RAINBOW SPARY 20PCS, RM6.00 
14/3/2023,15,1,2,12,WATER GAME 8PCS, RM2.90 
16/3/2023,6.16,0,102.08,40.88,ES SARDINES 400G, RM3.50 
16/3/2023,750,0,150,0,SAJI SOS CILI 500G, RM3.68 
16/3/2023,846,0,30,0,SAJI SOS TOMATO 485G, RM3.68 
17/3/2023,3860,0,355,145,JATI BERAS JELAPANG 5KG, RM14.16 
18/3/2023,1645.44,38.4,96,59.52,WHISKAS OCEAN FISH FLAVOUR 480G 1+YEARS, RM6.38 
18/3/2023,1028.4,24,60,37.2,WHISKAS TUNA FLAVOUR 1.2KG, RM12.67 
18/3/2023,1645.44,38.4,96,59.52,WHISKAS TUNA FLAVOUR 480G 1+YEARS, RM6.38 
20/3/2023,47.6,136.5,52.5,63.35,BABA'S REMPAH BRIYANI 70G, RM4.50 
20/3/2023,59.4,78.54,22.88,29.7,BABA'S SERBUK CILI 20G, RM0.93 
20/3/2023,26.75,19.85,8.15,8.85,BABA'S SERBUK KARI IKAN PEDAS 25G, RM0.83 
20/3/2023,180,0,20,20,BESBITE POP-POP ICE TUBE 750ML, RM1.70 
20/3/2023,720,0,10,230,SCH JEJARI UBI KAYU MASIN 1KG, RM8.50 
20/3/2023,1170,0,0,480,SCH UBI SAMBAL 600G, RM8.00 
20/3/2023,1134,0,163.8,688.8,SUKAS BBQ TUBE 300G, RM4.90 
22/3/2023,526.02,0,47.52,5.28,3D BURSTING BALL FRIED EGGS 30PCS, RM9.00 
22/3/2023,2000,0,175,150,ALIBABA DIDI JELLY 500G, RM5.40 
22/3/2023,59.36,0,0,0,ALIBABA FRUIT PLATE 40PCS, RM11.80 
22/3/2023,181,0,18.5,11.25,MOTOKAR SERBUK KUNYIT 250G, RM3.20 
23/3/2023,140,0,80,165,FRITTOS MURUKU BINTANG 500G, RM3.60 
23/3/2023,140,0,80,165,FRITTOS MURUKU IKAN 500G, RM3.60 
23/3/2023,140,0,80,165,FRITTOS MURUKU IKAN SWEET&SPICY 500G, RM3.80 
29/3/2023,3445,0,590,60,CAP BUNGA KERTAS KENTUCKY T/G SERBAGUNA ORI 1KG, RM5.50 
29/3/2023,2157,0,321,0,CAP BUNGA KERTAS KENTUCKY T/G SERBAGUNA PEDAS 1KG, RM5.50 
29/3/2023,247.5,0,120,127.5,CAP O SERBUK KARI MASAK MERAH 250G, RM4.30 
29/3/2023,110,0,35,27.5,"CAP O SERBUK KARI UDANG,KETAM&IKAN KERING 250G", RM4.30 
29/3/2023,173.25,0,26.75,19.25,CAP O SERBUK PERENCAH SUP 250G, RM5.10 
29/3/2023,660.45,51,25.5,10.2,SOHO BREAD CRUMB (ORANGE) 850G+-, RM6.90 
29/3/2023,51.9,0,19.2,9.8,SOHO NACHO CHEESE POWDER ORIGINAL 100G, RM5.60 
29/3/2023,467.1,0,172.8,88.2,SOHO NACHO CHEESE POWDER ORIGINAL 300G, RM14.30 
29/3/2023,94.32,54,1073.76,892.56,SOHO ROMANO CHEESE POWDER HOT&SPICY 300G, RM14.30 
30/3/2023,903,0,30,150,MARIGOLD K&T SWEET CREAMER 500G, RM2.92 
30/3/2023,1377.72,0,294.12,15.48,KIMBALL PATI TOMATO 430G, RM4.30 
30/3/2023,4.25,0,53.55,49.725,AYAM BRAND MACKEREL 425G, RM8.25 
30/3/2023,13.6,0,122.4,68,CINTA SARDIN 425G, RM4.70 
30/3/2023,11.2,0,8.8,82.4,AYAM BRAND COCONUT MILK 1LIT, RM9.05 
30/3/2023,144,0,96,99,DUTCH LADY FULL CREAM 1LIT, RM5.57 
30/3/2023,101.7,0,2.825,5.085,FERRY BRAND KING LONGAN 565G, RM6.00 
30/3/2023,407.5,0,37.5,4.5,GAJAH TEPUNG BERAS 500G, RM1.75 
30/3/2023,84.24,0,29.64,65.52,MARIGOLD KRIMER SEJAT 390G, RM3.06 
30/3/2023,750,0,75,0,MUDIM KICAP ISTIMEWA 2.5KG, RM11.33 
30/3/2023,875,0,100,0,MUDIM SOS CILI PEDAS 2.5KG, RM11.33 
30/3/2023,248,0,8,0,PEACE LYCHEE KING 565G, RM6.50 
30/3/2023,57.3,0,5.1,3.6,PREGO TRADISI 350G, RM6.32 
31/3/2023,999,0,0,0,GULA PRAI 1KG, RM66.50 
5/4/2023,15440,0,1420,580,JATI BERAS JELAPANG 10KG, RM28.81 
8/4/2023,18.8,0,6.3,3.8,DUTCH LADY BANANA 200ML, RM31.92 
8/4/2023,18.8,0,6.3,3.8,DUTCH LADY BANANA 200ML, RM7.98 
8/4/2023,22.8,0,10.4,4.8,DUTCH LADY LOW FAT 200ML, RM1.33 
8/4/2023,25.65,0,11.7,5.4,DUTCH LADY LOW FAT 450ML, RM3.73 
13/4/2023,72.25,17,15.3,1.7,YEO'S BAKED BEANS 425G, RM3.87 
14/4/2023,39.5,0,1.5,0,POWER ROOT 250ML, RM53.08 
14/4/2023,84,0,0,0,YEO'S CHRYSANTHEMUM TEA 250ML (KOTAK), RM0.75 
17/4/2023,263.01,0,23.76,2.64,3D BURSTING BALL FRIED EGGS 30PCS, RM9.00 
17/4/2023,75,57.6,24.75,31.5,BABA'S KARI DAGING PEDAS 25G, RM0.83 
17/4/2023,18.275,4.4,1.575,0.675,BABA'S SERBUK KUNYIT (TURMERIC) 25G, RM0.80 
17/4/2023,312,0,24,144,HELLO PANDA CHOC 43G, RM2.30 
17/4/2023,390,0,30,180,HELLO PANDA STRAWBERRY 43G, RM2.30 
17/4/2023,26.4,0,4.4,13.2,MEIJI YAN YAN VANILLA 44G, RM2.60 
18/4/2023,134.75,0,13.75,93.5,MORE CHOCO CUBES 55G, RM1.70 
18/4/2023,539,0,55,374,MORE MALTED CUBES 55G, RM1.70 
18/4/2023,539,0,55,374,MORE ROSE BANDUNG CUBES 55G, RM1.70 
18/4/2023,93,0,0,0,SUMMER FRESH COLA 10PCS, RM3.13 
18/4/2023,93,0,0,0,SUMMER FRESH LYCHEE 10PCS, RM3.13 
18/4/2023,279,0,0,0,SUMMER FRESH SARSI 10PCS, RM3.13 
18/4/2023,186,0,0,0,SUMMER FRESH YES! I/C POP B'CURRANT 5PCS, RM1.90 
18/4/2023,93,0,0,0,SUMMER FRESH YES! I/C POP TROPICANA 5PCS, RM1.90 
19/4/2023,2100,0,57.5,0,JOMEI MARSHMALLOW 500G, RM7.00 
19/4/2023,504,0,0,36,RICO AUTO-MAN PUDDING 24PCS, RM3.65 
19/4/2023,675,0,3,27,RICO GRAPE PUDDING 24PCS, RM3.65 
19/4/2023,8000,0,0,0,RICO JELLY CUP 100PCS, RM5.43 
19/4/2023,648,0,0,0,RICO UMBRELLA PUDDING 24PCS, RM4.00 
19/4/2023,1602,0,40,8,SSYP XIANG XI MEI TIAO 2KG, RM29.50 
29/4/2023,444,0,728,408,AYAM DINDINGS CRISPY CHICKEN FINGER 400G, RM9.50 
29/4/2023,81,0,204,310.5,AYAMADU SOSEJ DAGING LEMBU 300G, RM6.10 
29/4/2023,408,0,288,360,RAFFIE MINI CHICKEN BITES 400G, RM8.00 
2/5/2023,680.4,0,22.68,0,BINGO KING LYCHEES 567G (OBH), RM4.42 
2/5/2023,384,0,768,768,BINGO SARDINE 400G, RM3.00 
2/5/2023,220.35,0,4.52,0,OBH AAA LYCHEE 565G, RM3.50 
2/5/2023,888,42,84,460.2,ROUNDIES CHOCO 250G, RM4.73 
2/5/2023,33,0,30,45,SEA SNACK CRISPY BBQ 120GSEA SNACK CRISPY BBQ 120G, RM2.60 
6/5/2023,27.5,0,0,0,REX APPLE DRINK 250ML, RM15.84 
8/5/2023,280,10,43,160,7DAYS VANILLA CROISSANT 60GM, RM1.39 
8/5/2023,5400.576,258.048,470.016,2340.864,APOLLO CHOCO CAKE A3020 24PCS, RM6.90 
8/5/2023,240,0,10,0,TEN2 MARSHMALLOWS FLOWER VANIILA 1KG, RM22.80 
8/5/2023,720,0,48,192,WINGO CHOCOLATE BISCUIT 200G, RM4.84 
9/5/2023,10.3,0,1.2,4.8,KITKAT 35G 4F, RM2.42 
10/5/2023,76,0,0,0,JAYER PUDDING JELLY+POP CANDY 20GX10PCS, RM6.25 
10/5/2023,1190.4,0,0,0,JAYER RAINBOW PUDDING JELLY 32PCS, RM16.64 
10/5/2023,345.6,0,0,0,JAYER RAINBOW PUDDING JELLY 32PCS, RM0.52 
12/5/2023,40320,0,3888,11088,FRONTIER TOPFER W/STICK CHOCO 40PCS, RM4.40 
12/5/2023,40320,0,3888,11088,FRONTIER TOPFER W/STICK VANILA 40PCS, RM4.40 
12/5/2023,48,0,16,41.6,JOMEI BISKUT OK GO MELON 210G, RM4.20 
12/5/2023,420,0,11.5,0,JOMEI MARSHMALLOW 500G, RM7.00 
12/5/2023,1600,0,0,0,RICO JELLY CUP 100PCS, RM5.43 
12/5/2023,75,0,0,12.5,RICO MIX FRUIT JELLY 250G, RM0.83 
12/5/2023,217.6,0,0,9.6,RICO PINEAPPLE PUDDING 24PCS, RM3.65 
15/5/2023,53.55,0,2.975,7.65,KIMBALL SUP TOMATO 425G, RM3.34 
15/5/2023,38.27,0,8.17,0.43,KIMBALL PATI TOMATO 430G, RM4.30 
15/5/2023,43.26,0,4.83,30.87,ADABI PERENCAH ASAM PEDAS 70G, RM1.50 
15/5/2023,84.72,20.4,9.36,31.44,ADABI PERENCAH MEE GORENG 60G,RM1.95
15/5/2023,827.5,146.25,97.5,55,ADABI SERBUK KUNYIT 250G,RM5.50
15/5/2023,69.84,4.56,6.72,39.36,DOUBLE DECKER PRAWN FAMILY PACK 8PCS, RM2.55 
15/5/2023,88,0,8,24,HUP SENG TEDDY BISCUITS 120G, RM2.50 
16/5/2023,356.16,0,0,0,ALIBABA FRUIT PLATE 40PCS, RM11.80 
16/5/2023,128,0,0,0,ALIBABA JELLY DRINK 90MLX20PCS, RM7.10 
16/5/2023,940.8,0,48,0,ALIBABA VIVI JELLY NATA M+L 24PCS, RM7.10 
16/5/2023,440,10,20,100,BIKA CHICKEN CRACKER 1KG, RM13.80 
16/5/2023,560,0,0,0,BIRDIE EGG BUBBLE GUM 30PCS, RM8.80 
16/5/2023,33,0,0,0,GIANT JUICY ROLLER SYRUP CANDY 30PCS, RM9.00 
16/5/2023,97.2,0,0,0,JERY~Q JELLY NATA DRINK 12PCS, RM8.20 
16/5/2023,240,0,0,0,KHY RAINBOW GUM W SOUR POWDER 50PCS, RM3.40 
16/5/2023,74.9,0,8.96,48.86,MISTER POTATO BBQ 75G, RM2.32 
16/5/2023,251.24,20.24,25.08,121,MISTER POTATO SYOK WAVE SEAFOOD 20PCS (NEW), RM14.20 
16/5/2023,426.66,0,50.7,251.94,MISTER POTATO SYOK WAVE SEAFOOD 65G, RM2.30 
16/5/2023,106.665,0,12.675,62.985,MISTER POTATO SYOK WAVE SEAFOOD 65G, RM2.30 
16/5/2023,100,0,0,0,MIXX KONJAC JELLY 40PCS, RM12.00 
16/5/2023,120,0,60,60,MOTOKAR SERBUK JINTAN MANIS 100G, RM1.40 
16/5/2023,336,15,52.2,57.6,MOTOKAR SERBUK LADA PUTIH 100G, RM6.70 
16/5/2023,28,1.25,4.35,4.8,MOTOKAR SERBUK LADA PUTIH 55G, RM5.20 
16/5/2023,453.6,0,58.8,210,ORIENTAL SUPER RING 30PCS, RM8.80 
16/5/2023,35,0,0,0,SUPER KONJAC JELLY 40PCS, RM12.00 
16/5/2023,1281,0,102,387,TOKI TOMATO CORN STICK 30PCS, RM7.30 
16/5/2023,907.2,0,90.72,387.36,TWISTIES BBQ 24PCS, RM7.50 
16/5/2023,34.8,0,3.6,18.8,TWISTIES BIG CHEESE 65G, RM1.50 
16/5/2023,32.4,0,2.7,8.55,VAN HOUTEN COCOA POWDER 100G, RM7.14 
16/5/2023,234,0,0,0,V-KA PIZZA GUMMY BURGER MONSTER 30+2PCS, RM8.50 
17/5/2023,186,0,0,0,SUMMER FRESH COLA BLUE 10PCS, RM3.13 
17/5/2023,93,0,0,0,SUMMER FRESH LIBINA 10PCS, RM3.13 
17/5/2023,93,0,0,0,SUMMER FRESH SARSI 10PCS, RM3.13 
17/5/2023,93,0,0,0,SUMMER FRESH STRAW 10PCS, RM3.13 
17/5/2023,26,1,6,3.5,YEO'S SOY BEAN MILK 300ML (TIN), RM1.15 
17/5/2023,35,0,1,1.3,YEO'S YEOGURT G/APPLE 250ML, RM1.39 
18/5/2023,800,0,0,0,RICO JELLY CUP 100PCS, RM5.43 
18/5/2023,435.2,0,0,19.2,RICO MANGO PUDDING 24PCS, RM3.65 
18/5/2023,75,0,0,12.5,RICO MIX FRUIT JELLY 250G, RM0.83 
18/5/2023,240,0,0,0,RICO NATA DE COCO GRAPE 1500G, RM4.90 
18/5/2023,217.6,0,0,9.6,RICO ORANGE PUDDING 24PCS, RM3.65 
18/5/2023,217.6,0,0,9.6,RICO STRAW PUDDING 24PCS, RM3.65 
18/5/2023,216,0,0,0,RICO UMBRELLA PUDDING 24PCS, RM4.00 
19/5/2023,140.25,0,0.75,0,BESBITE/HOGOMAS POP-POP ICE TUBE 750ML, RM1.70 
19/5/2023,270,0,42.885,120.24,CJH KOKI MAZOLA 450G, RM10.50 
19/5/2023,420.8,0,45.6,292,CJH KUIH LOYANG 200GM, RM10.50 
19/5/2023,640,0,80,275,D-JACK ANGRY BITE CHEESE 1KG, RM9.65 
19/5/2023,96.6,0,9.8,28,NABATI RICHOCO 7GX20PCS, RM3.40 
19/5/2023,27.5,0,0,0,REX APPLE DRINK 250ML, RM15.84 
19/5/2023,210,0,70,420,SCH KACANG BALI 700G, RM8.51 
19/5/2023,371,0,126,161,SCH KACANG IKAN 700G, RM7.56 
19/5/2023,106,0,36,46,SCH KACANG KOKO 200G, RM2.47 
19/5/2023,231,0,161,287,SCH KACANG SANTONG 700G, RM10.29 
19/5/2023,66,0,46,82,SCH KACANG SANTONG KARI 700G, RM10.61 
19/5/2023,294,0,145.6,225.4,SCH KACANG SEPAT ISI 700G, RM7.56 
19/5/2023,294,0,145.6,225.4,SCH KACANG SEPAT KULIT 700G, RM7.56 
19/5/2023,120.6,0,27,40.4,SCH KACANG SOYA KARI 200G, RM2.47 
19/5/2023,422.1,0,94.5,141.4,SCH KACANG SOYA KARI 700G, RM8.51 
19/5/2023,1000,140,260,620,SCH MURUKU MEE 1KG, RM8.20 
19/5/2023,432,0,6,126,SCH UBI KEPING PEDAS 600G, RM5.55 
19/5/2023,195,0,0,80,SCH UBI SAMBAL 300G, RM4.60 
19/5/2023,1808.4,0,821.7,44.55,SUKAS KARI CHIPS 550G, RM9.20 
22/5/2023,4.2,0,0.6,0,ORIGINA VITAMIN 1000MG ORANGE 200ML, RM2.78 
22/5/2023,7720,0,710,290,JATI BERAS JELAPANG 10KG, RM28.81 
22/5/2023,3860,0,355,145,JATI BERAS JELAPANG 5KG, RM14.70 
23/5/2023,2000,0,75,0,CARTOON MARSMALLOW 30PCS, RM8.20 
23/5/2023,760,0,40,280,CHOCO BALL EARTH / GOLD / MIX COLOUR 100PCS, RM7.00 
23/5/2023,2400,0,0,0,FRESH FRUIT JELLY 20PCS, RM6.00 
23/5/2023,180,0,0,0,WESLSY FRUIT PULP JUICE 10PCS, RM3.10 
24/5/2023,8.5,0,59.5,19.975,KING CUP SARDINES 425G, RM7.45 
24/5/2023,474.4,0,35.2,12.8,SAJIKU KUAH ROJAK ASLI 200G, RM2.50 
29/5/2023,2132.82,0,23.12,5.78,KIMBALL SOS CILI 340G, RM2.67 
29/5/2023,553.5,0,6,1.5,KIMBALL SOS CILI 500G, RM3.51 
29/5/2023,165.5,29.25,19.5,11,ADABI SERBUK KUNYIT 250G,RM5.50
29/5/2023,1288.77,0,71.4,0,KIMBALL SOS TIRAM 255G, RM3.28 
1/6/2023,900,0,0,0,ALIBABA FRUIT JELLY 100PCS, RM5.04 
1/6/2023,127.89,0,0.686,0,ALIBABA FRUIT JELLY 245GM, RM0.75 
1/6/2023,900,0,0,0,ALIBABA FRUIT PUDDING 100PCS, RM5.04 
1/6/2023,417,0,85.1,134,ALIBABA MELON SEEDS CHOC 1000G, RM17.70 
1/6/2023,864.8,0,0,0,EYE GUMMY LIGHT LOLLIPOP 60PCS, RM17.60 
1/6/2023,31.724,0,0,0,KONNYAKU MIXED FRUIT KONJAC JELLY 12PCS, RM3.20 
1/6/2023,100,0,0,0,MIXX KONJAC JELLY 40PCS, RM12.00 
1/6/2023,1358.72,0,119.68,0,SQUID GAME SOFT CANDY 40PCS, RM12.00 
3/6/2023,38.11,2.146,7.178,24.79,CADBURY DAIRY MILK HAZELNUT 37G, RM2.41 
3/6/2023,240,8,24,92,KOKO TUBE SOFT CHOC 80PCS, RM7.20 
3/6/2023,94.432,4.086,6.356,27.694,OREO SMALL CRUSHED COOKIES PIECES 454G, RM9.46 
3/6/2023,231,0,161,287,SCH KACANG SANTONG 700G, RM10.29 
3/6/2023,120.6,0,27,40.4,SCH KACANG SOYA KARI 200G, RM2.47 
3/6/2023,1500,210,390,930,SCH MURUKU MEE 1KG, RM8.20 
3/6/2023,104.25,0,32.75,50.75,SCH MURUKU SIVEL 250G, RM2.70 
3/6/2023,195,0,0,80,SCH UBI SAMBAL 300G, RM4.60 
3/6/2023,381,0,178,13,SUKAS CHEESE FRIES 1KG, RM13.00 
3/6/2023,137,0,62.25,3.375,SUKAS K/DHALL 250G, RM4.90 
3/6/2023,666,0,99,38.7,SUKAS POP CORN 900G, RM11.20 
3/6/2023,54,0,4.5,14.25,TIGER BISKUAT SUSU 75G, RM0.97 
7/6/2023,27.5,0,0,0,REX APPLE DRINK 250ML, RM0.66 
7/6/2023,86.7,0,0.3,0,REX REXBERRY DRINK 250ML, RM0.66 
7/6/2023,46.5,0,0,0,SUMMER FRESH YES! I/C POP B'CURRANT 5PCS, RM1.90 
9/6/2023,261.9,17.1,25.2,147.6,DOUBLE DECKER MINI CHIC 30PCS, RM8.70 
9/6/2023,1080,60,270,990,PICK GREEN PEA SNACK 30PCS, RM4.60 
9/6/2023,36,0,0,0,RICO JELLY DRINK 6PCSX75GM, RM1.87 
9/6/2023,217.6,0,0,9.6,RICO MANGO PUDDING 24PCS, RM3.65 
9/6/2023,75,0,0,12.5,RICO MIX FRUIT JELLY 250G, RM0.83 
9/6/2023,800,0,0,0,RICO PUDDING CUP 100PCS, RM5.47 
9/6/2023,36,0,0,0,RICO PUDDING CUP 6PCSX75GM, RM1.87 
9/6/2023,347.9,22.54,16.17,99.96,WIN2 MAGIC CRUNCH STRAW 70G, RM1.05 
12/6/2023,32,0,24,4,ALIBABA DIDI CLUD STICK 10PCS, RM1.42 
12/6/2023,940.8,0,48,0,ALIBABA VIVI JELLY NATA 12PCS, RM3.75 
12/6/2023,101.4,5.1,5.1,0,DOLPHIN MIX FRUIT NATA PUDDING 85GX6PCS, RM4.15 
12/6/2023,450,30,0,0,DOLPHIN NATA DE COCO KIWI 1.5KG, RM6.10 
13/6/2023,2188.8,0,241.2,72,5PCS EYE GUMMY STICK 20PCS, RM20.00 
13/6/2023,648.6,0,0,0,EYE GUMMY LIGHT LOLLIPOP 60PCS, RM17.60 
13/6/2023,11040,0,0,0,H&H RULER WATERMELON B.GUM 30PCS, RM8.80 
13/6/2023,2594.4,0,0,0,ICE CREAM LOLLIPOP 30PCS, RM9.00 
13/6/2023,22,0,0,0,KHY BIG CRYSTAL LOLLIPOP, RM1.30 
13/6/2023,19.8,0,2.7,8.1,LOVELY COTTON CANDY 90G+-, RM1.70 
13/6/2023,216.2,0,0,0,PANS EGG LOLLIPOP 30PCS, RM8.80 
13/6/2023,4680,0,0,540,PRINCESS POPPING CANDY 60PCS, RM16.40 
13/6/2023,800,0,0,0,RICO JELLY CUP 100PCS, RM5.43 
13/6/2023,240,0,0,0,RICO NATA DE COCO LYCHEE 1500G, RM4.90 
13/6/2023,4410,0,420,0,TONGUE GUMMY 30PCS, RM8.80 
13/6/2023,946.8,0,897.6,0,TREMBLING KING HAMBURGER 20PCS, RM20.00 
13/6/2023,880,0,0,0,UNICORNS LOLLIPOP LIGHT STICK 30PCS, RM8.80 
13/6/2023,936,0,0,0,WAKAKA GUMMY 60PCS, RM17.60 
13/6/2023,4680,0,0,0,WATERMELON BOOM BUBBLE GUM 30PCS, RM8.80 
15/6/2023,13.25,0,3.75,2.5,F&N SEASONS SOYA 250ML, RM20.88 
15/6/2023,960,0,40,0,TEAPOT EXTRA KRIMER MANIS 500G, RM2.97 
19/6/2023,270,0,42.885,120.24,CJH KOKI KOKO CHIPS 450G, RM10.50 
19/6/2023,170,0,5,0,PANDA KERUPUK SINGKONG PEDAS 500G, RM3.15 
19/6/2023,60,0,20,120,SCH KACANG BALI 200G, RM2.78 
20/6/2023,93.44,0,19.52,0,KHY BIG SOUR FRUIT POWDER 20PCS+2PCS, RM6.10 
20/6/2023,60,1,8,10,KHY TAMAGO (II) / EGGO HERO, RM0.75 
20/6/2023,900,0,0,0,STRAWBERRY LOLLIPOP 30PCS, RM8.80 
20/6/2023,35,0,0,0,SUPER KONJAC JELLY 40PCS, RM12.00 
20/6/2023,353.1,0,99,62.7,VITAMILK D/CHOCO SHAKE 300ML, RM1.84 
21/6/2023,1280,0,0,0,HSH LOLLIPOP 40PCS, RM6.70 
21/6/2023,907.2,0,90.72,387.36,TWISTIES BBQ 24PCS, RM7.50 
21/6/2023,63,0,6.3,26.9,TWISTIES BBQ 65G, RM1.50 
21/6/2023,69.6,0,7.2,37.6,TWISTIES BIG CHEESE 65G, RM1.50 
22/6/2023,1602,0,40,8,SSYP HEI PU TAO LI 2KG, RM18.90 
22/6/2023,8010,0,200,40,SSYP HONG MEI LI 500G, RM6.45 
22/6/2023,48060,0,1200,240,SSYP MEI GUI MEI TIAO 500G, RM7.40 
23/6/2023,56.823,0,7.626,20.181,MAGGI PEDAS GILER AYAM BAKAR 93G (BOWL), RM3.63 
23/6/2023,24,1.2,4.8,3.6,MILO ORI 240ML (TIN), RM2.45 
23/6/2023,17.8,0,3.8,1.4,NESCAFE LATTE 240ML (TIN), RM2.45 
23/6/2023,120,0,9.5,18,NESCAFE TARIK 240ML (TIN), RM2.45 
25/6/2023,468.72,0,28.08,211.68,ALIBABA COLORFUL COIN CHOC 300PCS,RM14.80
25/6/2023,96,0,72,12,ALIBABA DIDI CLUD STICK 10PCS, RM1.42 
25/6/2023,19.2,0,0,0,ALIBABA NATA DRINK 12PCS, RM4.70 
25/6/2023,470.4,0,24,0,ALIBABA VIVI JELLY NATA 12PCS, RM3.75 
26/6/2023,451.8,0,0,0,ALIBABA DRINK POP CANDY 60PCS (BOTOL), RM17.60 
26/6/2023,378,31.5,0,0,DOLPHIN KONJAC JELLY PEACH 15PCS, RM4.40 
26/6/2023,51.2,10.24,0,0,DOLPHIN MIXED FRUIT JELLY W/NATA DE COCO 256G, RM1.50 
26/6/2023,22,4.5,0,0,DOLPHIN YOGO SNAPZ FRUITS PUDDING STICK 45MLX8PCS, RM2.40 
26/6/2023,14,0,0,0,HAUS BOOM CHEERS KING COLA 325ML, RM1.05 
26/6/2023,14,0,0,0,HAUS BOOM CHEERS ORANGE 325ML, RM1.05 
26/6/2023,1320,0,0,0,V-KA FRUIT CANDY LIME / GRAPE MINT FLAVOR 24PCS, RM7.10 
27/6/2023,100,0,0,0,MIXX KONJAC JELLY 40PCS, RM12.00 
28/6/2023,59.78,39.62,24.78,33.32,BABA'S FENNEL POWDER (JINTAN MANIS) 20G, RM0.85 
28/6/2023,133.75,99.25,40.75,44.25,BABA'S SERBUK KARI IKAN 125G, RM2.50 
28/6/2023,182.75,44,15.75,6.75,BABA'S SERBUK KUNYIT (TURMERIC) 250G, RM4.30 
28/6/2023,6400,0,0,0,HSH LOLLIPOP 40PCS, RM6.70 
28/6/2023,200,0,0,0,MENTOS MINI FRUIT MIX 100PCS, RM20.50 
28/6/2023,67.25,6.875,7.875,35.125,MR POTATO CRISPS BBQ 125G, RM3.55 
28/6/2023,510,30,90,270,SNEK-KU TAM TAM 30PCS, RM9.20 
30/6/2023,48.24,43.2,20.016,13.968,"ADABI SERBUK KARI UDANG,KETAM & IKAN KERING 24G",RM1.06
30/6/2023,223.74,0,0,0,ALISHAN PINEAPPLE CUBES 565G, RM5.25 
3/7/2023,392,14,60.2,224,7DAYS VANILLA CROISSANT 60GM, RM1.39 
3/7/2023,168,6,25.8,96,7DAYS BUTTER CROISSANT 60GM, RM1.39 
3/7/2023,224,8,34.4,128,7DAYS STRAWBERRY CROISSANT 60GM, RM1.39 
3/7/2023,66,0,4.8,30.4,PREGO CHEESY ALFREDO 350G, RM6.32 
3/7/2023,75.8,3.6,11.6,1.2,PREGO BUDDIES ANIMAL PASTA 200G, RM2.28 
3/7/2023,75.8,3.6,11.6,1.2,PREGO BUDDIES OCEAN PASTA 200G, RM2.28 
3/7/2023,83.6,0,0,0,ALL JOY SUNSHINE PUDDING JELLY STICK 10PCS, RM1.25 
3/7/2023,210.4,0,22.8,146,CJH KUIH LOYANG 200GM, RM10.50 
3/7/2023,625.56,0,21.84,74.88,JOMEI JAYA CHEWY 30PCS, RM7.80 
3/7/2023,420,0,11.5,0,JOMEI MARSHMALLOW 500G, RM7.00 
3/7/2023,413.5,0,12,43,JOMEI STONE CANDY 500G, RM6.00 
3/7/2023,1664,0,0,0,NUTRIFRES LYCHEE 1LIT, RM8.55 
3/7/2023,832,0,0,0,NUTRIFRES PINK GUAVA 1LIT, RM8.55 
3/7/2023,215.73,0,19.71,0,QEQE SUSHI GUMMY CANDY 30PCS, RM7.80 
3/7/2023,326.4,0,0,14.4,RICO ASSORTED PUDDING 24PCS, RM3.65 
3/7/2023,168,0,0,12,RICO AUTO-MAN PUDDING 24PCS, RM3.65 
3/7/2023,2400,0,0,0,RICO JELLY CUP 100PCS, RM5.43 
3/7/2023,435.2,0,0,19.2,RICO MANGO PUDDING 24PCS, RM3.65 
3/7/2023,800,0,0,0,RICO PUDDING CUP 100PCS, RM5.47 
3/7/2023,336,0,0,24,RICO PUDDING POPPEN 24PCS, RM4.03 
3/7/2023,217.6,0,0,9.6,RICO STRAW PUDDING 24PCS, RM3.65 
3/7/2023,648,0,0,0,RICO UMBRELLA PUDDING 24PCS, RM4.03 
3/7/2023,422.1,0,94.5,141.4,SCH KACANG SOYA 700G, RM8.51 
3/7/2023,104.25,0,32.75,50.75,SCH MURUKU SIVEL 250G, RM2.70 
3/7/2023,666,0,99,38.7,SUKAS POP CORN 900G, RM11.20 
4/7/2023,240.975,12.495,23.562,63.189,CREAM-O COOKIES DARK CHOCOLATE 119G, RM2.26 
4/7/2023,431.97,24.99,41.412,196.35,CREAM-O COOKIES ORI 119G, RM2.26 
4/7/2023,235.2,0,32.16,181.92,JnJ POTATO CHIPS CILI SALSA 60G, RM2.13 
4/7/2023,93.44,0,19.52,0,KHY SOUR FRUIT POWDER 30+3PCS, RM4.90 
4/7/2023,60,1,8,10,KHY TAMAGO (II) / EGGO HERO, RM0.75 
4/7/2023,438,12,48,96,MUNCHY'S MARIE CAPPUCCINO 300G, RM4.11 
4/7/2023,219,6,24,48,MUNCHY'S MARIE ORI 300G, RM4.11 
4/7/2023,55,15,5,17.5,NIPS PEANUT&RAISIN CHOC 70G, RM2.13 
4/7/2023,120,0,0,0,TYD BUBBLE GUM ROLL 24PCS, RM7.04 
4/7/2023,468,0,0,0,WAKAKA GUMMY 60PCS, RM17.60 
5/7/2023,800,0,70,60,ALIBABA DIDI JELLY 500G, RM5.40 
5/7/2023,470.4,0,24,0,ALIBABA VIVI JELLY NATA 12PCS, RM3.75 
5/7/2023,120,13.2,10.5,22.2,FRITTOS KACANG CHAMPION 30PCS, RM5.88 
5/7/2023,225,0,30,215,FRITTOS MURUKU HALUS 500G, RM3.60 
5/7/2023,140,0,80,165,FRITTOS MURUKU IKAN SWEET&SPICY 500G, RM3.80 
5/7/2023,140,0,80,165,FRITTOS MURUKU KARI SATAY 500G, RM3.80 
5/7/2023,75.3,0,0,0,FRUIT TWISTER LOLLIPOP 24PCS, RM0.30 
5/7/2023,153,0,7.8,99,MAGIC LIPSTICK CANDY 30PCS, RM9.00 
6/7/2023,54,0.9,2.1,3.9,WALL' MOCHI CHEWY 45ML, RM1.60 
6/7/2023,273,13,39,39,WALL'S CORNETTO CHOCO 110ML (NEW), RM2.45 
6/7/2023,112,8,12,24,WALL'S CORNETTO DARK CHOCO BROWNIE 107ML, RM3.04 
6/7/2023,224,8,24,80,WALL'S CORNETTO VANILA 110ML (NEW), RM2.45 
6/7/2023,24.8,0,0,7.2,WALL'S SOLERO LIME&VANILA SPLIT 64ML, RM0.91 
6/7/2023,97.2,0,0,0,WALL'S TEALIVE BOBA 65ML, RM2.00 
6/7/2023,15,1,2,12,WALL'S TOPTEN CHOC 70ML, RM1.77 
6/7/2023,174,0,11.6,46.4,WINGO CHOC SWEET HEART 580G, RM9.79 
6/7/2023,104.4,0,12.6,5.4,WINGO STICK CHOC WITH DURIAN 40PCS, RM6.60 
7/7/2023,131.4,0,27.45,0,JOMEI XL SOUR FRUIT POWDER 30PCS, RM7.80 
7/7/2023,1602,0,40,8,SSYP HONG MEI LI 2KG, RM24.35 
7/7/2023,1602,0,40,8,SSYP XIANG XI MEI TIAO 2KG, RM29.50 
11/7/2023,789.03,0,71.28,7.92,3D BURSTING BALL DINOSAURS EGG 30PCS, RM9.00 
11/7/2023,1052.04,0,285.12,31.68,3D BURSTING BALL EARTH 30PCS, RM9.00 
11/7/2023,789.03,0,71.28,7.92,3D BURSTING BALL EYEBALL 30PCS, RM9.00 
11/7/2023,3682.14,0,332.64,36.96,3D BURSTING BALL FACABOOK/UNICORN 30PCS, RM9.00 
11/7/2023,526.02,0,47.52,5.28,3D BURSTING BALL FRIED EGGS 30PCS, RM9.00 
11/7/2023,526.02,0,47.52,5.28,3D BURSTING BALL WATERMELON 30PCS, RM9.00 
11/7/2023,813.24,0,0,0,ALIBABA DRINK POP CANDY 24PCS, RM7.10 
11/7/2023,416.75,0,16.67,0,DAQIAN MARSHMALLOW 500G, RM7.10 
11/7/2023,12,0,0,0,GLINTER SPARKLING GREEN APPLE 350ML, RM1.90 
11/7/2023,180,0,0,0,MIX CC STICK CANDY 30PCS, RM9.00 
11/7/2023,280,0,0,20,RAINBOW SPARY 20PCS, RM6.00 
11/7/2023,486.45,0,0,0,SQUID GAME OF SUGAR CANDY 30PCS, RM8.80 
11/7/2023,972,0,81,256.5,UPIN GUMMY 15G, RM0.30 
11/7/2023,120,0,0,0,V-KA FRUIT CANDY LIME / GRAPE MINT FLAVOR 24PCS, RM7.10 
12/7/2023,62.8,0,6.4,0,RIBENA B'CURRANT PASTILLES 40G, RM2.89 
15/7/2023,400,0,88,48,FARM FRESH YOGURT MANGO TANGO 125ML, RM1.15 
15/7/2023,400,0,88,48,FARM FRESH YOGURT STRAW BERRIES 125ML, RM1.15 
17/7/2023,301,0,10,50,MARIGOLD K&T SWEET CREAMER 500G, RM2.90 
17/7/2023,536,0,10,1,KIMBALL SOS LADA HITAM 1KG, RM6.85 
17/7/2023,382.5,0,170,0,CAP LANG JAGUNG MANIS 425G, RM3.00 
17/7/2023,612.32,0,130.72,6.88,KIMBALL PATI TOMATO 430G, RM5.20 
17/7/2023,693,207,228,201,ADABI KARI AYAM & DAGING 250G, RM5.30 
17/7/2023,1303.5,0,288.75,167.75,ADABI KARI IKAN 250G, RM5.30 
17/7/2023,1890,85,237.5,27.5,BABA'S TEPUNG MURUKKU 500G, RM5.20 
17/7/2023,84.15,0,0.45,0,BESBITE/HOGOMAS MILK ICE TUBE 450ML, RM2.00 
17/7/2023,585.8,0,15.15,101,DAIRY CHAMP KRIMER MANIS 505G, RM2.85 
17/7/2023,84.24,0,29.64,65.52,MARIGOLD KRIMER SEJAT 390G, RM2.96 
17/7/2023,1027,0,39,0,POWER ROOT 250ML, RM2.40 
17/7/2023,420,0,96,540,PREGO CHEESE & HERB 300G (TIN), RM4.62 
17/7/2023,74.4,0,14.4,16.8,PREGO MUSHROOM 300G (TIN), RM4.74 
18/7/2023,17.2,1.2,7.2,3.6,ORIGINA DAIRY TAMAR MILK 200ML, RM2.70 
18/7/2023,1600,0,0,0,RICO JELLY CUP 100PCS, RM5.43 
18/7/2023,800,0,0,0,RICO PUDDING CUP 100PCS, RM5.47 
18/7/2023,93,0,0,0,SUMMER FRESH COLA BLUE 10PCS, RM3.13 
18/7/2023,93,0,0,0,SUMMER FRESH LIBINA 10PCS, RM3.13 
18/7/2023,60,0,0,0,SUNQUICK EPAL 125ML, RM15.00 
19/7/2023,226.8,0,29.4,105,ORIENTAL SUPER RING 30PCS, RM8.80 
19/7/2023,564,0,57,246,SNEKKU SHOYUEMI ORI 30PCS, RM9.20 
20/7/2023,61.2,1.7,5.1,0,KELLOGG'S SCHOOL PACK 170GX6PCS, RM7.38 
20/7/2023,1122,66,66,330,MCCAIN ORIGINAL FRIES CRINKLE CUT 600G, RM8.25 
20/7/2023,2992,176,176,616,MCCAIN ORIGINAL FRIES STRAIGHT CUT 600G, RM8.25 
21/7/2023,7720,0,710,290,JATI BERAS JELAPANG 10KG, RM30.99 
21/7/2023,1121.4,0,210.6,331.2,MAMEE MONSTER LADA HITAM 8PCS, RM2.90 
21/7/2023,260.4,8.4,29.4,92.4,ORIENTAL ROTA 30PCS, RM8.80 
21/7/2023,4784,0,4.8,0,SQUID GAME MARSHMALLOW 80PCS, RM6.60 
21/7/2023,35,0,0,0,SUPER KONJAC JELLY 40PCS, RM12.00 
24/7/2023,900,0,0,0,ALIBABA FRUIT JELLY 100PCS, RM5.04 
24/7/2023,54,4.5,0,0,DOLPHIN KONJAC JELLY PEACH 15PCS, RM4.40 
24/7/2023,170,76,232,504,THUMBS C/PEANUT GARLIC 55G, RM1.76 
24/7/2023,153,68.4,208.8,453.6,THUMBS C/PEANUT SEAWEED 55G, RM1.76 
24/7/2023,161.5,72.2,220.4,478.8,THUMBS C/PEANUT TERIYAKI 55G, RM1.76 
27/7/2023,832,0,0,0,NUTRIFRES SEA C/NUT LONGAN 1LIT, RM8.55 
27/7/2023,83.2,0,3.2,0,SANWA RAINBOW SOUR BELT 40PCS, RM7.40 
27/7/2023,106,0,36,46,SCH KACANG MASIN 200G, RM2.78 
27/7/2023,3428,80,200,124,VFOODS BIS ICE GEM 4KG, RM44.00 
28/7/2023,1981.35,153,76.5,30.6,SOHO BREAD CRUMB (ORANGE) 850G+-, RM6.90 
28/7/2023,6604.5,510,255,102,SOHO BREAD CRUMB (WHITE) 850G+-, RM6.90 
28/7/2023,103.8,0,38.4,19.6,SOHO NACHO CHEESE POWDER ORIGINAL 100G, RM5.60 
28/7/2023,19.65,11.25,223.7,185.95,SOHO ROMANO CHEESE POWDER HOT&SPICY 100G, RM5.60 
31/7/2023,540,0,72,144,ARNOTT'S GOOD TIME MINI DOUBLE CHOC 12PCS, RM11.00 
1/8/2023,322.56,0,0,0.72,ALIBABA MISAKI POWDER CANDY 60CUPS, RM4.60 
1/8/2023,760,0,40,280,CHOCO BALL EARTH / GOLD / MIX COLOUR 100PCS, RM7.00 
1/8/2023,597,0,0,3,POACHED EGG SHAPE PUDDING JELLY 30PCS, RM9.00 
3/8/2023,3204,0,80,16,WQX PAI XIANG SHI MEI 2KG, RM26.00 
3/8/2023,1602,0,40,8,WQX QING REN MEI 2KG, RM28.00 
4/8/2023,125.46,0,1.36,0.34,KIMBALL SOS CILI 340G, RM2.67 
4/8/2023,160.65,0,8.925,22.95,KIMBALL SUP TOMATO 425G, RM3.75 
4/8/2023,7908.3,0,204.525,1363.5,DAIRY CHAMP KRIMER MANIS 505G, RM2.85 
4/8/2023,124.16,0,3.395,0,KIMBALL SOS TOMATO 485G, RM4.10 
4/8/2023,252.72,0,88.92,196.56,MARIGOLD KRIMER SEJAT 390G, RM3.06 
8/8/2023,440,20,40,180,GOLD COIN CHOCOLATE 100PCS, RM7.00 
8/8/2023,186,0,12,18,MARSHMALLOW CHOCOLATE 30PCS, RM8.80 
8/8/2023,9600,0,0,192,SOUR COOL CHEWY STICK 30PCS, RM8.80 
8/8/2023,93,0,0,0,SUMMER FRESH COLA 10PCS, RM3.13 
8/8/2023,93,0,0,0,SUMMER FRESH COLA BLUE 10PCS, RM3.13 
8/8/2023,46.5,0,0,0,SUMMER FRESH YES! I/C POP STRAWBERRY 5PCS, RM1.90 
8/8/2023,232.5,0,0,0,SUMMER FRESH YES! I/C POP TROPICANA 5PCS, RM1.90 
8/8/2023,140,0,0,0,SUPER KONJAC JELLY 40PCS, RM12.00 
8/8/2023,234,0,0,0,V-KA MIX SOFT GUMMY CANDY 30PCS, RM8.50 
10/8/2023,326.4,0,5.52,0,ALI SOUR PLUM 12PCS,RM3.60
10/8/2023,420,0,11.5,0,JOMEI MARSHMALLOW 500G, RM7.00 
10/8/2023,3204,0,80,16,SSYP HUA HE WU YING ZHI 2KG, RM32.00 
10/8/2023,137,0,62.25,3.375,SUKAS K/DHALL 250G, RM4.90 
11/8/2023,263.01,0,23.76,2.64,3D BURSTING BALL MIX (RED) 30PCS, RM8.50 
11/8/2023,0.6,0,0,0,JAYER RAINBOW PUDDING JELLY 2PACKS, RM1.45 
11/8/2023,6681.6,0,691.2,3609.6,TWISTIES CHEESE 24PCS, RM7.50 
12/8/2023,32.096,0,5.134,0.544,ADABI NASI GORENG IKAN BILIS 17G, RM0.98 
12/8/2023,1248,0,34.125,0,KIMBALL SOS TOMATO 325G, RM2.88 
14/8/2023,336.6,0,12,12,ALIBABA MIX TOP LOLLIPOPS 50+4PCS, RM4.70 
14/8/2023,180.72,0,0,0,ICE CREAM FRUIT FLAVOR 24PCS, RM7.10 
14/8/2023,1084.32,0,0,0,ICE CREAM FRUIT FLAVOR 24PCS, RM0.30 
15/8/2023,32,0,24,4,ALIBABA DIDI CLUD STICK 10PCS, RM1.58 
15/8/2023,1800,0,0,0,ALIBABA FRUIT JELLY 100PCS, RM5.04 
15/8/2023,93,0,0,0,GAS CANISTERS SPRAY 30PCS, RM9.00 
15/8/2023,24,0,2,12.6,HEPIN CHOCOLATE GOOD! 40G, RM1.90 
15/8/2023,20,0,0,0,ICE BREAKERS MINTS 20PCS, RM13.00 
15/8/2023,34,0,0,0,YEO'S ICED LEMON TEA 300ML (TIN), RM1.11 
15/8/2023,25.5,0,0,0,YEO'S LYCHEE 250ML (KOTAK), RM0.75 
16/8/2023,5688,0,504,1512,APOLLO STRAW STICK WAFER A1042V 30PCS, RM5.80 
16/8/2023,4394.4,334.8,506.4,2704.8,APOLLO WAFFLE CHOC A1600 36PCS, RM10.20 
16/8/2023,3379.2,76.8,153.6,768,BIKA BIKO AYAM C/STICK 80PCS (2191), RM10.00 
16/8/2023,3379.2,76.8,153.6,768,BIKA BIKO BBQ C/STICK 80PCS (2184), RM10.00 
16/8/2023,1584,36,72,360,BIKA CHICKEN F/SNACK (G) 30PCS, RM8.60 
16/8/2023,3168,72,144,720,BIKA CHICKEN F/SNACK (R) 30PCS, RM8.60 
16/8/2023,2476.8,108,0,864,BIKA FIKA CHOCO PIE 30PCS, RM8.60 
16/8/2023,85.8,0,112.2,158.4,CAP RAMA RAMA KUACI 110G, RM21.50 
16/8/2023,2095.2,136.8,201.6,1180.8,DOUBLE DECKER MINI PRAWN 30PCS, RM8.70 
16/8/2023,2560,0,256,128,KOKO HARIMAU 40PCS, RM7.50 
16/8/2023,1507.44,121.44,150.48,726,MISTER POTATO HOT & SPICY 22GX20PCS (NEW), RM14.20 
16/8/2023,9000,0,0,90,RINDU ICE POP 90PCS, RM11.00 
16/8/2023,2787.84,0,483.84,2246.4,TC MURUKU IKAN PEDAS 24PCS, RM4.40 
16/8/2023,20000,0,0,0,TC MURUKU IKAN SOTONG 24PCS, RM4.40 
16/8/2023,4939.2,158.4,511.2,1562.4,WIN2 POTATO CRISP CURRY 30PCS, RM8.00 
16/8/2023,9878.4,316.8,1022.4,3124.8,WIN2 POTATO CRISP TOMATO 30PCS, RM8.00 
17/8/2023,200.625,148.875,61.125,66.375,BABA'S SERBUK KARI IKAN MASIN 125G, RM3.00 
17/8/2023,53.5,39.7,16.3,17.7,BABA'S SERBUK KARI IKAN MASIN 25G, RM0.90 
19/8/2023,224,0,32.5,88.5,MAGGI PEDAS GILER TOM YUMMZ 5PCS, RM8.50 
21/8/2023,1800,0,0,0,ALIBABA FRUIT JELLY 100PCS, RM5.04 
21/8/2023,124.16,0,3.395,0,KIMBALL SOS TOMATO 485G, RM4.10 
21/8/2023,563.64,0,51.24,194.04,ORI BISKUT BERKRIM KOPI PUTIH 420G, RM4.96 
21/8/2023,1690.92,0,153.72,582.12,ORI BISKUT BERKRIM STRAWBERI 420G, RM4.96 
21/8/2023,805.2,0,73.2,277.2,ORI SALTED SAVOURY CRACKER 400G, RM4.96 
21/8/2023,720,0,0,0,V-KA CUTE/FRUITY MARSHMALLOW 24PCS, RM7.10 
21/8/2023,450,30,150,180,V-SOY MULTI-GRAIN 1000ML, RM5.34 
21/8/2023,525,35,175,210,V-SOY MULTI-GRAIN NO SUGAR 1000ML, RM5.34 
21/8/2023,75,5,25,30,V-SOY NO SUGAR 200ML, RM4.95 
22/8/2023,4435.2,0,340.2,0,COLOR BAR MARSHMALLOW 30PCS, RM8.80 
22/8/2023,7440,0,240,0,LEISURE TIME LONG MARSHMALLOW 24PCS, RM7.68 
22/8/2023,1860,0,60,0,LEISURE TIME LONG MARSHMALLOW 24PCS, RM12.72 
22/8/2023,2600,0,104,0,PRINCESS MARSHMALLOW 30PCS, RM8.80 
22/8/2023,1416,0,24,0,YOYO MARSHMALLOW 30PCS, RM8.80 
23/8/2023,10.5,0,3.25,1.625,DUTCH LADY CHOCOLATE MILK 125ML, RM18.96 
23/8/2023,168,0,0,12,RICO AUTO-MAN PUDDING 24PCS, RM3.65 
23/8/2023,675,0,3,27,RICO GRAPE PUDDING 24PCS, RM3.65 
23/8/2023,6400,0,0,0,RICO JELLY CUP 100PCS, RM5.43 
23/8/2023,217.6,0,0,9.6,RICO LYCHEE PUDDING 24PCS, RM3.65 
23/8/2023,217.6,0,0,9.6,RICO ORANGE PUDDING 24PCS, RM3.65 
24/8/2023,12876,0,444,1332,HPG HAW FLAKES 12PCS, RM3.40 
24/8/2023,11580,0,1065,435,JATI BERAS JELAPANG 5KG, RM15.84 
24/8/2023,104.25,0,32.75,50.75,SCH MURUKU MIXER 250G, RM2.50 
24/8/2023,1918,0,871.5,47.25,SUKAS K/DHALL 250G, RM4.90 
24/8/2023,666,0,99,38.7,SUKAS POP CORN 900G, RM11.20 
24/8/2023,139.392,0,24.192,112.32,TA GE BOWL PP 32 100PCS+-, RM10.70 
24/8/2023,4285,100,250,155,VFOODS LATTE ROLLED FANCY STICK 5KG, RM52.50 
24/8/2023,1028.4,24,60,37.2,VFOODS SMALL TIN ICE GEM BISC 1.2KG, RM14.70 
25/8/2023,5260.2,0,475.2,52.8,3D BURSTING BALL EYEBALL 30PCS, RM8.50 
25/8/2023,1644.864,74.88,202.176,586.56,JULIE'S SUGAR CRACKERS 416G, RM3.30 
25/8/2023,1281.408,0,203.04,471.504,MAGGI PEDAS GILER CHEEZY BERAPI 94G (BOWL), RM4.25 
25/8/2023,226.8,0,29.4,105,ORIENTAL SUPER RING 30PCS, RM8.80 
28/8/2023,16.5,0,1.2,7.6,PREGO CHEESY ALFREDO 350G, RM7.15 
28/8/2023,25.6,5.12,0,0,DOLPHIN MIXED FRUIT JELLY W/NATA DE COCO 256G, RM1.50 
28/8/2023,8064,384,384,2304,MINI OREO ORIGINAL 8PCS, RM6.03 
28/8/2023,8.5,3.8,11.6,25.2,TEN2 MARSHMALLOWS FLOWER VANIILA 1KG, RM23.60 
1/9/2023,46.15,1.17,3.185,10.53,DOUBLE DECKER CHICKEN CRACKER 65G (NEW), RM1.65 
1/9/2023,153.84,10.32,34.56,28.8,DOUBLE DECKER GREEN PEAS CRACKER 80G (NEW), RM1.65 
1/9/2023,2562,0,204,774,TOKI TOMATO CORN STICK 30PCS, RM7.30 
4/9/2023,220.5,0,0,0,F&N SARSI 1.5LIT, RM35.30 
4/9/2023,73.5,0,0,0,F&N SARSI 1.5LIT, RM35.30 
4/9/2023,299,0,8.5,53,GOLD COIN KOPI&TARIK K/MANIS 500G, RM3.30 
4/9/2023,752.4,34.2,79.8,262.2,MUNCHY'S LEXUS CHOCO 190G, RM4.64 
5/9/2023,760,0,40,280,CHOCO BALL EARTH / GOLD / MIX COLOUR 100PCS, RM7.00 
5/9/2023,147,0,20.1,113.7,JnJ ROLLER COASTER BBQ 60G, RM16.72 
5/9/2023,35,0,0,0,SUPER KONJAC JELLY 40PCS, RM12.00 
7/9/2023,19.04,54.6,21,25.34,BABA'S REMPAH BRIYANI 70G, RM4.80 
7/9/2023,150,37.5,0,0,DESA ALPHA NATA DE COCO LYCHEE 1.5KG, RM4.90 
7/9/2023,150,37.5,0,0,DESA ALPHA NATA DE COCO STRAWBERRY 1.5KG, RM4.90 
7/9/2023,45,11.25,0,0,DESA APLHA NA DE COCO GRAPE 450G, RM2.30 
7/9/2023,90,22.5,0,0,DESA APLHA NA DE COCO MANGO 450G, RM2.30 
7/9/2023,2937.06,226.8,113.4,45.36,SOHO BREAD CRUMB (WHITE) 270G, RM3.30 
8/9/2023,61.6,0,0,0,SUNQUICK MIXED MANGO 800ML, RM6.40 
8/9/2023,66.528,19.872,21.888,19.296,ADABI KARI AYAM & DAGING 24G, RM1.08 
8/9/2023,5.168,0,1.768,0.952,ADABI NASI GORENG TOM YAM 17G, RM0.83 
8/9/2023,5.16,2.2,1.92,3.2,ADABI PERENCAH SUP SIAM 40G,RM1.70
8/9/2023,17622,0,440,88,SSYP JIU ZHI CHENG TIAO 2KG, RM26.70 
9/9/2023,173.55,1.95,1.95,17.55,BORO COOKIES C/NUT ORI 195G, RM2.80 
9/9/2023,100.1,0,15.54,6.3,CAP BULAN BINTANG MEE SANGGUL 140G, RM1.70 
9/9/2023,0,0,0,837.5,GHEE MINYAK SAPI TULIN 125G, RM9.50 
9/9/2023,72,0,9,36,MAMA SEDAP BAWANG GORENG 180G, RM2.50 
9/9/2023,579.6,0,928.8,1771.2,MAMA SEDAP K/TANAH HANCURAN 300G, RM4.40 
9/9/2023,375,6,28.5,90,ORI BIS BERKRIM STRAW 4808 630G, RM6.20 
9/9/2023,1127.28,0,102.48,388.08,ORI BISKUT BERKRIM SUSU 3221 560G, RM6.41 
9/9/2023,754.875,0,68.625,259.875,ORI BISKUT SARAPAN CHOCO 4211 375G, RM4.96 
9/9/2023,1180.96,0,107.36,406.56,ORI BISKUT SARAPAN SUSU 3641 440G, RM4.90 
9/9/2023,990,41.8,165,27.5,SAN REMO MACARONI 500G, RM4.20 
9/9/2023,4110,0,1867.5,101.25,SUKAS K/DHALL 250G, RM4.90 
9/9/2023,299,0,8.5,53,TCC GULA CASTER 1KG, RM5.20 
12/9/2023,271.58,0,15.17,0,BANGLE GUMMY 30PCS, RM9.00 
12/9/2023,22,0,0,0,FUNNY SPRAY 20PCS, RM6.00 
12/9/2023,93,0,0,0,GAS CANISTERS SPRAY 30PCS, RM9.00 
14/9/2023,63.945,0,0.343,0,ALIBABA FRUIT JELLY 245GM, RM0.75 
14/9/2023,2718,0,198,1395,ALIBABA GARY CHOC SANDWICH 500G, RM12.90 
14/9/2023,940.8,0,48,0,ALIBABA VIVI JELLY NATA G+S 24PCS, RM7.10 
14/9/2023,76.8,15.36,0,0,ALIBABA ZIZI JELLY NATA DE COCO 12PCS, RM3.70 
14/9/2023,290,0,10,30,HPG HAW FLAKES 10PCS, RM0.89 
14/9/2023,25056,0,864,2592,HPG HAW FLAKES 12PCS, RM3.40 
14/9/2023,50112,0,1728,5184,HPG HAW FLAKES 12PCS, RM3.40 
14/9/2023,696,0,24,72,HPG HAW FLAKES 12PCS, RM3.40 
14/9/2023,2784,0,96,288,HPG HAW FLAKES 12PCS, RM3.40 
14/9/2023,368.51,8.6,21.5,13.33,VFOODS MINI TIN MINI GOLDEN P'APPLE 430G, RM8.50 
15/9/2023,263.52,0,21.6,108,APOLLO CHECKER ORI CAKE A9010ML, RM6.20 
15/9/2023,102.56,6.88,23.04,19.2,DOUBLE DECKER GREEN PEAS CRACKER 80G (NEW), RM1.65 
15/9/2023,160,0,16,8,KOKO TIGER 40PCS, RM6.80 
19/9/2023,1360.8,0,45.36,0,BINGO KING LYCHEES 567G (OBH), RM3.75 
19/9/2023,17.6,0,0,0,DOLPHIN FRUITS JELLY STICK 360G, RM2.20 
19/9/2023,101.4,5.1,5.1,0,DOLPHIN MIXED FRUIT NATA JELLY 130GX3PCS, RM2.40 
19/9/2023,16.2,5.4,0,0,DOLPHIN NATA DE COCO MANGO 270ML, RM1.33 
21/9/2023,34734.7,0,2402.4,9509.5,M&M FUN SIZE PEANUT 13BAGS (175.5G), RM11.25 
21/9/2023,1443.05,112.7,242.55,634.55,M&M 'S CHOCOLATE CANDIES 175.5G, RM12.42 
22/9/2023,7720,0,710,290,JATI BERAS JELAPANG 10KG, RM30.99 
22/9/2023,274.144,12.48,33.696,97.76,JULIE'S SUGAR CRACKERS 416G, RM2.85 
