Date,Carbohydrates,Fiber,Protein,Fat,Item Description,Item Code,Quantity,Unit Price,Carbohydrates (g),Fiber (g),Protein (g),Fat (g),Total Price
11/7/2023,789.03,0,71.28,7.92,3D BURSTING BALL DINOSAURS EGG 30PCS,PKS6384,3, RM9.00 ,263.01,0,23.76,2.64,27.00
11/7/2023,1052.04,0,95.04,31.68,3D BURSTING BALL EARTH 30PCS,PKS1180,4, RM9.00 ,263.01,0,23.76,7.92,36.00
25/8/2023,5260.2,0,475.2,52.8,3D BURSTING BALL EYEBALL 30PCS,PKS1013,20, RM9.00 ,263.01,0,23.76,2.64,180.00
17/2/2023,526.02,0,47.52,5.28,3D BURSTING BALL EYEBALL 30PCS,PKS1013,2, RM9.00 ,263.01,0,23.76,2.64,18.00
11/7/2023,789.03,0,71.28,7.92,3D BURSTING BALL EYEBALL 30PCS,PKS1013,3, RM9.00 ,263.01,0,23.76,2.64,27.00
11/7/2023,3682.14,0,332.64,36.96,3D BURSTING BALL FACABOOK/UNICORN 30PCS,PKS1526,14, RM9.00 ,263.01,0,23.76,2.64,126.00
22/3/2023,526.02,0,47.52,5.28,3D BURSTING BALL FRIED EGGS 30PCS,PKS0847,2, RM9.00 ,263.01,0,23.76,2.64,18.00
17/4/2023,263.01,0,23.76,2.64,3D BURSTING BALL FRIED EGGS 30PCS,PKS0847,1, RM9.00 ,263.01,0,23.76,2.64,9.00
11/7/2023,526.02,0,47.52,5.28,3D BURSTING BALL FRIED EGGS 30PCS,PKS0847,2, RM9.00 ,263.01,0,23.76,2.64,18.00
11/8/2023,263.01,0,23.76,2.64,3D BURSTING BALL MIX (RED) 30PCS,PKS6382,1, RM9.00 ,263.01,0,23.76,2.64,9.00
17/2/2023,526.02,0,47.52,5.28,3D BURSTING BALL SWEET DUCK 30PCS,PKS1099,2, RM9.00 ,263.01,0,23.76,2.64,18.00
11/7/2023,526.02,0,47.52,5.28,3D BURSTING BALL WATERMELON 30PCS,PKS0756,2, RM9.00 ,263.01,0,23.76,2.64,18.00
13/6/2023,2188.8,0,241.2,72,5PCS EYE GUMMY STICK 20PCS,PKS6372,12, RM20.00 ,182.4,0,20.1,6,240.00
3/7/2023,168,6,25.8,96,7DAYS BUTTER CROISSANT 60GM,PKS4557,6, RM1.39 ,28,1,4.3,16,8.34
3/7/2023,224,8,34.4,128,7DAYS STRAWBERRY CROISSANT 60GM,PKS4849,8, RM1.39 ,28,1,4.3,16,11.12
8/5/2023,280,10,43,160,7DAYS VANILLA CROISSANT 60GM,PKS2212,10, RM1.39 ,28,1,4.3,16,13.90
3/7/2023,392,14,60.2,224,7DAYS VANILLA CROISSANT 60GM,PKS2212,14, RM1.39 ,28,1,4.3,16,19.46
10/2/2023,3552,0,8,0,ABC TEPUNG UBI KAYU 500G,PKS0702,8, RM1.50 ,444,0,1,0,12.00
8/9/2023,66.528,19.872,21.888,19.296,ADABI KARI AYAM & DAGING 24G,PKS3923,6, RM1.08 ,11.09,3.31,3.65,3.22,6.48
17/7/2023,693,207,228,201,ADABI KARI AYAM & DAGING 250G,PKS1694,1, RM5.30 ,693,207,228,201,5.30
10/2/2023,115.5,34.5,38,33.5,ADABI KARI AYAM & DAGING 250G,PKS1694,6, RM4.90 ,19.25,5.75,6.33,5.58,29.40
6/2/2023,113.76,0,25.2,14.64,ADABI KARI IKAN 24G,PKS3922,10, RM1.06 ,11.38,0,2.52,1.46,10.60
17/7/2023,1303.5,0,288.75,167.75,ADABI KARI IKAN 250G,PKS1593,1, RM5.30 ,1303.5,0,288.75,167.75,5.30
10/2/2023,118.5,0,26.25,15.25,ADABI KARI IKAN 250G,PKS1593,11, RM4.90 ,10.77,0,2.39,1.39,53.90
10/3/2023,500,0,133,183,ADABI KURMA AYAM & DAGING 250G,PKS1592,4, RM6.00 ,125,0,33.25,45.75,24.00
12/8/2023,32.096,0,5.134,0.544,ADABI NASI GORENG IKAN BILIS 17G,PKS2638,2, RM0.98 ,16.05,0,2.57,0.27,1.96
8/9/2023,5.168,0,1.768,0.952,ADABI NASI GORENG TOM YAM 17G,PKS2466,8, RM0.83 ,0.65,0,0.22,0.12,6.64
6/2/2023,0.646,0,0.221,0.119,ADABI NASI GORENG TOM YAM 17G,PKS2466,1, RM1.00 ,0.65,0,0.22,0.12,1.00
15/5/2023,43.26,0,4.83,30.87,ADABI PERENCAH ASAM PEDAS 70G,PKS2479,3, RM1.50 ,14.42,0,1.61,10.29,4.50
6/2/2023,432.6,0,48.3,308.7,ADABI PERENCAH IKAN BAKAR 350G,PKS5654,6, RM6.50 ,72.1,0,8.05,51.45,39.00
24/2/2023,389.34,0,43.47,277.83,ADABI PERENCAH IKAN BAKAR 70G,PKS4981,27, RM1.50 ,14.42,0,1.61,10.29,40.50
15/5/2023,84.72,20.4,9.36,31.44,ADABI PERENCAH MEE GORENG 60G,PKS4982,4,RM1.95,21.18,5.1,2.34,7.86,7.80
6/2/2023,72,39.6,28.8,82.8,ADABI PERENCAH ODEN TOM YAM 120G,PKS1077,6,RM5.39,12,6.6,4.8,13.8,32.34
8/9/2023,5.16,2.2,1.92,3.2,ADABI PERENCAH SUP SIAM 40G,PKS5562,1,RM1.70,5.16,2.2,1.92,3.2,1.70
6/2/2023,38.64,7.56,8.96,22.68,ADABI PERENCAH TOM YAM PUTIH 40G,PKS5684,7,RM1.30,5.52,1.08,1.28,3.24,9.10
6/2/2023,138.4,0,16.8,58.4,ADABI PERENCAH TOM YAM SEAFOOD 200G,PKS5650,4,RM5.00,34.6,0,4.2,14.6,20.00
24/2/2023,207.6,0,25.2,87.6,ADABI PERENCAH TOM YAM SEAFOOD 40G,PKS1624,30,RM1.30,6.92,0,0.84,2.92,39.00
30/6/2023,48.24,43.2,20.016,13.968,"ADABI SERBUK KARI UDANG,KETAM & IKAN KERING 24G",PKS5194,6,RM1.06,8.04,7.2,3.34,2.33,6.36
29/5/2023,165.5,29.25,19.5,11,ADABI SERBUK KUNYIT 250G,PKS1595,3,RM5.50,55.17,9.75,6.5,3.67,16.50
15/5/2023,827.5,146.25,97.5,55,ADABI SERBUK KUNYIT 250G,PKS1595,1,RM5.50,827.5,146.25,97.5,55,5.50
10/3/2023,496.5,87.75,58.5,33,ADABI SERBUK KUNYIT 250G,PKS1595,5,RM5.50,99.3,17.55,11.7,6.6,27.50
10/3/2023,93.6,7.2,36,7.2,ADABI T/GORENG SERBAGUNA 180G,PKS3533,2,RM1.80,46.8,3.6,18,3.6,3.60
11/3/2023,0,0,236.7,175.5,AL-AALI FROZEN BONELESS BUFFALO MEAT 900GM,PKS6252,1,RM10.75,0,0,236.7,175.5,10.75
10/8/2023,326.4,0,5.52,0,ALI SOUR PLUM 12PCS,PKS0308,1,RM3.60,326.4,0,5.52,0,3.60
25/6/2023,468.72,0,28.08,211.68,ALIBABA COLORFUL COIN CHOC 300PCS,PKS2208,1,RM14.80,468.72,0,28.08,211.68,14.80
18/1/2023,468.72,0,28.08,211.68,ALIBABA COLORFUL COIN CHOC 300PCS,PKS2208,1,RM14.80,468.72,0,28.08,211.68,14.80
25/6/2023,96,0,72,12,ALIBABA DIDI CLUD STICK 10PCS,PKS3142,3, RM1.42 ,32,0,24,4,4.26
15/8/2023,32,0,24,4,ALIBABA DIDI CLUD STICK 10PCS,PKS3142,1, RM1.58 ,32,0,24,4,1.58
12/6/2023,32,0,24,4,ALIBABA DIDI CLUD STICK 10PCS,PKS3142,1, RM1.42 ,32,0,24,4,1.42
12/3/2023,96,0,72,12,ALIBABA DIDI CLUD STICK 10PCS,PKS3142,3, RM1.58 ,32,0,24,4,4.74
22/3/2023,2000,0,175,150,ALIBABA DIDI JELLY 500G,PKS2108,5, RM5.40 ,400,0,35,30,27.00
5/7/2023,800,0,70,60,ALIBABA DIDI JELLY 500G,PKS2108,2, RM5.40 ,400,0,35,30,10.80
15/2/2023,361.44,0,0,0,ALIBABA DRINK POP CANDY 24PCS,PKS0182,4, RM7.10 ,90.36,0,0,0,28.40
11/7/2023,813.24,0,0,0,ALIBABA DRINK POP CANDY 24PCS,PKS0182,9, RM7.10 ,90.36,0,0,0,63.90
26/6/2023,451.8,0,0,0,ALIBABA DRINK POP CANDY 60PCS (BOTOL),PKS3485,2, RM17.60 ,225.9,0,0,0,35.20
15/2/2023,2349.36,0,0,0,ALIBABA FOOT & FINGER LOLLIPOP 24PCS,PKS4803,13, RM7.10 ,180.72,0,0,0,92.30
24/7/2023,900,0,0,0,ALIBABA FRUIT JELLY 100PCS,PKS0475,1, RM5.04 ,900,0,0,0,5.04
21/8/2023,1800,0,0,0,ALIBABA FRUIT JELLY 100PCS,PKS0475,2, RM5.04 ,900,0,0,0,10.08
18/1/2023,900,0,0,0,ALIBABA FRUIT JELLY 100PCS,PKS0475,1, RM5.04 ,900,0,0,0,5.04
15/8/2023,1800,0,0,0,ALIBABA FRUIT JELLY 100PCS,PKS0475,2, RM5.04 ,900,0,0,0,10.08
1/6/2023,900,0,0,0,ALIBABA FRUIT JELLY 100PCS,PKS0475,1, RM5.04 ,900,0,0,0,5.04
14/9/2023,63.945,0,0.343,0,ALIBABA FRUIT JELLY 245GM,PKS2895,1, RM0.75 ,63.95,0,0.34,0,0.75
1/6/2023,127.89,0,0.686,0,ALIBABA FRUIT JELLY 245GM,PKS2895,2, RM0.75 ,63.95,0,0.34,0,1.50
22/3/2023,59.36,0,0,0,ALIBABA FRUIT PLATE 40PCS,PKS5230,1, RM11.80 ,59.36,0,0,0,11.80
16/5/2023,356.16,0,0,0,ALIBABA FRUIT PLATE 40PCS,PKS5230,6, RM11.80 ,59.36,0,0,0,70.80
18/1/2023,3600,0,0,0,ALIBABA FRUIT PUDDING 100PCS,PKS0476,4, RM5.04 ,900,0,0,0,20.16
1/6/2023,900,0,0,0,ALIBABA FRUIT PUDDING 100PCS,PKS0476,1, RM5.04 ,900,0,0,0,5.04
14/9/2023,2718,0,198,1395,ALIBABA GARY CHOC SANDWICH 500G,PKS4418,9, RM12.90 ,302,0,22,155,116.10
16/5/2023,128,0,0,0,ALIBABA JELLY DRINK 90MLX20PCS,PKS0466,1, RM7.10 ,128,0,0,0,7.10
12/3/2023,640,0,0,0,ALIBABA JELLY DRINK 90MLX20PCS,PKS0466,5, RM7.10 ,128,0,0,0,35.50
6/2/2023,128,0,0,0,ALIBABA JELLY DRINK 90MLX20PCS,PKS0466,1, RM7.10 ,128,0,0,0,7.10
3/2/2023,417,0,85.1,134,ALIBABA MELON SEEDS CHOC 1000G,PKS3822,1, RM17.70 ,417,0,85.1,134,17.70
1/6/2023,417,0,85.1,134,ALIBABA MELON SEEDS CHOC 1000G,PKS3822,1, RM17.70 ,417,0,85.1,134,17.70
1/8/2023,322.56,0,0,0.72,ALIBABA MISAKI POWDER CANDY 60CUPS,PKS5931,1, RM4.60 ,322.56,0,0,0.72,4.60
14/8/2023,336.6,0,12,12,ALIBABA MIX TOP LOLLIPOPS 50+4PCS,PKS2167,2, RM4.70 ,168.3,0,6,6,9.40
25/6/2023,19.2,0,0,0,ALIBABA NATA DRINK 12PCS,PKS3733,2, RM4.70 ,9.6,0,0,0,9.40
15/2/2023,409.08,0,0,0,ALIBABA SUPER POP FRUIT FLAVOR,PKS4948,7, RM30.00 ,58.44,0,0,0,210.00
25/6/2023,470.4,0,24,0,ALIBABA VIVI JELLY NATA 12PCS,PKS3032,1, RM3.75 ,470.4,0,24,0,3.75
12/6/2023,940.8,0,48,0,ALIBABA VIVI JELLY NATA 12PCS,PKS3032,2, RM3.75 ,470.4,0,24,0,7.50
6/2/2023,470.4,0,24,0,ALIBABA VIVI JELLY NATA 12PCS,PKS3032,1, RM3.75 ,470.4,0,24,0,3.75
5/7/2023,470.4,0,24,0,ALIBABA VIVI JELLY NATA 12PCS,PKS3032,1, RM3.75 ,470.4,0,24,0,3.75
18/1/2023,940.8,0,48,0,ALIBABA VIVI JELLY NATA G+S 24PCS,PKS1801,1, RM7.10 ,940.8,0,48,0,7.10
14/9/2023,940.8,0,48,0,ALIBABA VIVI JELLY NATA G+S 24PCS,PKS1801,1, RM7.10 ,940.8,0,48,0,7.10
3/2/2023,940.8,0,48,0,ALIBABA VIVI JELLY NATA G+S 24PCS,PKS1801,1, RM7.10 ,940.8,0,48,0,7.10
16/5/2023,940.8,0,48,0,ALIBABA VIVI JELLY NATA M+L 24PCS,PKS1680,1, RM7.10 ,940.8,0,48,0,7.10
3/2/2023,940.8,0,48,0,ALIBABA VIVI JELLY NATA M+L 24PCS,PKS1680,1, RM7.10 ,940.8,0,48,0,7.10
14/9/2023,76.8,15.36,0,0,ALIBABA ZIZI JELLY NATA DE COCO 12PCS,PKS5935,5, RM3.70 ,15.36,3.07,0,0,18.50
6/2/2023,110.8,0,20.4,160,ALICAFE 250ML,PKS2917,4, RM3.50 ,27.7,0,5.1,40,14.00
10/3/2023,119.78,0,1.695,2.825,ALISHAN KING LONGANS 565G,PKS5693,1, RM6.00 ,119.78,0,1.7,2.83,6.00
30/6/2023,223.74,0,0,0,ALISHAN PINEAPPLE CUBES 565G,PKS6465,3, RM5.25 ,74.58,0,0,0,15.75
10/2/2023,51,0,51,0,ALISHAN WHOLE MUSHROOMS 425G,PKS2810,3, RM2.92 ,17,0,17,0,8.76
3/7/2023,83.6,0,0,0,ALL JOY SUNSHINE PUDDING JELLY STICK 10PCS,PKS0861,1, RM1.25 ,83.6,0,0,0,1.25
15/9/2023,263.52,0,21.6,108,APOLLO CHECKER ORI CAKE A9010ML,PKS2983,1, RM6.20 ,263.52,0,21.6,108,6.20
8/5/2023,5400.576,258.048,470.016,2340.864,APOLLO CHOCO CAKE A3020 24PCS,PKS0248,24, RM6.90 ,225.02,10.75,19.58,97.54,165.60
18/1/2023,5688,0,504,1512,APOLLO CHOCO STICK WAFER 1044A 30PCS,PKS5677,24, RM5.80 ,237,0,21,63,139.20
16/8/2023,5688,0,504,1512,APOLLO STRAW STICK WAFER A1042V 30PCS,PKS5676,24, RM5.80 ,237,0,21,63,139.20
16/8/2023,4394.4,334.8,506.4,2704.8,APOLLO WAFFLE CHOC A1600 36PCS,PKS0241,12, RM10.20 ,366.2,27.9,42.2,225.4,122.40
31/7/2023,540,0,72,144,ARNOTT'S GOOD TIME MINI DOUBLE CHOC 12PCS,PKS0471,3, RM11.00 ,180,0,24,48,33.00
30/3/2023,11.2,0,8.8,82.4,AYAM BRAND COCONUT MILK 1LIT,PKS4136,2, RM9.05 ,5.6,0,4.4,41.2,18.10
30/3/2023,4.25,0,53.55,49.725,AYAM BRAND MACKEREL 425G,PKS0743,1, RM8.25 ,4.25,0,53.55,49.73,8.25
3/3/2023,20.16,0,49.6,27.2,AYAM BRAND TUNA 160G,PKS3608,2, RM6.42 ,10.08,0,24.8,13.6,12.84
29/4/2023,444,0,728,408,AYAM DINDINGS CRISPY CHICKEN FINGER 400G,PKS5739,10, RM9.50 ,44.4,0,72.8,40.8,95.00
29/4/2023,81,0,204,310.5,AYAMADU SOSEJ DAGING LEMBU 300G,PKS5856,5, RM6.10 ,16.2,0,40.8,62.1,30.50
13/2/2023,19.92,0,18.6,30.48,BABA'S CUMIN POWDER (JINTAN PUTIH) 20G,PKS5662,6, RM0.78 ,3.32,0,3.1,5.08,4.68
28/6/2023,59.78,39.62,24.78,33.32,BABA'S FENNEL POWDER (JINTAN MANIS) 20G,PKS5663,7, RM0.85 ,8.54,5.66,3.54,4.76,5.95
13/2/2023,51.24,33.96,21.24,28.56,BABA'S FENNEL POWDER (JINTAN MANIS) 20G,PKS5663,6, RM0.78 ,8.54,5.66,3.54,4.76,4.68
17/4/2023,75,57.6,24.75,31.5,BABA'S KARI DAGING PEDAS 25G,PKS1151,6, RM0.83 ,12.5,9.6,4.13,5.25,4.98
20/3/2023,47.6,136.5,52.5,63.35,BABA'S REMPAH BRIYANI 70G,PKS4538,5, RM4.50 ,9.52,27.3,10.5,12.67,22.50
7/9/2023,19.04,54.6,21,25.34,BABA'S REMPAH BRIYANI 70G,PKS4538,2, RM4.80 ,9.52,27.3,10.5,12.67,9.60
20/3/2023,59.4,78.54,22.88,29.7,BABA'S SERBUK CILI 20G,PKS1147,11, RM0.93 ,5.4,7.14,2.08,2.7,10.23
28/6/2023,133.75,99.25,40.75,44.25,BABA'S SERBUK KARI IKAN 125G,PKS1143,2, RM2.50 ,66.88,49.63,20.38,22.13,5.00
17/8/2023,200.625,148.875,61.125,66.375,BABA'S SERBUK KARI IKAN MASIN 125G,PKS2310,3, RM3.00 ,66.88,49.63,20.38,22.13,9.00
17/8/2023,53.5,39.7,16.3,17.7,BABA'S SERBUK KARI IKAN MASIN 25G,PKS3179,4, RM0.90 ,13.38,9.93,4.08,4.43,3.60
9/1/2023,40.125,29.775,12.225,13.275,BABA'S SERBUK KARI IKAN MASIN 25G,PKS3179,3, RM0.90 ,13.38,9.93,4.08,4.43,2.70
20/3/2023,26.75,19.85,8.15,8.85,BABA'S SERBUK KARI IKAN PEDAS 25G,PKS1149,2, RM0.83 ,13.38,9.93,4.08,4.43,1.66
28/6/2023,182.75,44,15.75,6.75,BABA'S SERBUK KUNYIT (TURMERIC) 250G,PKS1140,1, RM4.30 ,182.75,44,15.75,6.75,4.30
17/4/2023,18.275,4.4,1.575,0.675,BABA'S SERBUK KUNYIT (TURMERIC) 25G,PKS1141,1, RM0.80 ,18.28,4.4,1.58,0.68,0.80
9/1/2023,41.475,43.925,25.725,32.2,BABA'S SERBUK RENDANG 25G,PKS3180,7, RM0.90 ,5.93,6.28,3.68,4.6,6.30
17/7/2023,1890,85,237.5,27.5,BABA'S TEPUNG MURUKKU 500G,PKS2309,5, RM5.20 ,378,17,47.5,5.5,26.00
12/9/2023,271.58,0,15.17,0,BANGLE GUMMY 30PCS,PKS6338,1, RM9.00 ,271.58,0,15.17,0,9.00
16/2/2023,43.5,0,124.5,505.5,BEGA TATURA CREAM CHEESE 250G,PKS5893,6, RM8.80 ,7.25,0,20.75,84.25,52.80
18/1/2023,225,0,0,0,BESBITE MILK ICE TUBE 450ML,PKS2544,2, RM2.10 ,112.5,0,0,0,4.20
6/2/2023,112.5,0,0,0,BESBITE MILK ICE TUBE 450ML,PKS2544,1, RM2.10 ,112.5,0,0,0,2.10
18/1/2023,1313.28,0,43.776,18.432,BESBITE MIXED FRUIT PUDDING 6X120G,PKS2286,8, RM3.80 ,164.16,0,5.47,2.3,30.40
20/3/2023,180,0,20,20,BESBITE POP-POP ICE TUBE 750ML,PKS5637,2, RM1.70 ,90,0,10,10,3.40
6/2/2023,900,0,100,100,BESBITE POP-POP ICE TUBE 750ML,PKS5637,10, RM1.70 ,90,0,10,10,17.00
17/7/2023,84.15,0,0.45,0,BESBITE/HOGOMAS MILK ICE TUBE 450ML,PKS2544,1, RM2.00 ,84.15,0,0.45,0,2.00
19/5/2023,140.25,0,0.75,0,BESBITE/HOGOMAS POP-POP ICE TUBE 750ML,PKS5637,1, RM1.70 ,140.25,0,0.75,0,1.70
9/3/2023,376.2,0,21.6,0,BIHO LAKSA BERAS (M) 450G,PKS1231,1, RM2.51 ,376.2,0,21.6,0,2.51
16/8/2023,3379.2,76.8,153.6,768,BIKA BIKO AYAM C/STICK 80PCS (2191),PKS0172,16, RM10.00 ,211.2,4.8,9.6,48,160.00
16/8/2023,3379.2,76.8,153.6,768,BIKA BIKO BBQ C/STICK 80PCS (2184),PKS0171,16, RM10.00 ,211.2,4.8,9.6,48,160.00
16/5/2023,440,10,20,100,BIKA CHICKEN CRACKER 1KG,PKS1238,1, RM13.80 ,440,10,20,100,13.80
16/8/2023,1584,36,72,360,BIKA CHICKEN F/SNACK (G) 30PCS,PKS0174,10, RM8.60 ,158.4,3.6,7.2,36,86.00
16/8/2023,3168,72,144,720,BIKA CHICKEN F/SNACK (R) 30PCS,PKS0175,20, RM8.60 ,158.4,3.6,7.2,36,172.00
16/8/2023,2476.8,108,0,864,BIKA FIKA CHOCO PIE 30PCS,PKS0173,10, RM8.60 ,247.68,10.8,0,86.4,86.00
19/9/2023,1360.8,0,45.36,0,BINGO KING LYCHEES 567G (OBH),PKS4919,8, RM3.75 ,170.1,0,5.67,0,30.00
2/5/2023,680.4,0,22.68,0,BINGO KING LYCHEES 567G (OBH),PKS4919,4, RM4.42 ,170.1,0,5.67,0,17.68
2/5/2023,384,0,768,768,BINGO SARDINE 400G,PKS4485,16, RM3.00 ,24,0,48,48,48.00
16/5/2023,560,0,0,0,BIRDIE EGG BUBBLE GUM 30PCS,PKS1542,1, RM8.80 ,560,0,0,0,8.80
7/2/2023,560,0,0,0,BIRDIE EGG BUBBLE GUM 30PCS,PKS1542,1, RM8.80 ,560,0,0,0,8.80
3/1/2023,214.2,0,0,0,BLOW BUBBLE GUM 50PCS,PKS4411,3, RM14.50 ,71.4,0,0,0,43.50
9/9/2023,173.55,1.95,1.95,17.55,BORO COOKIES C/NUT ORI 195G,PKS0290,1, RM2.80 ,173.55,1.95,1.95,17.55,2.80
11/3/2023,210,20,20,20,BUMIMAS FRENCH FRIED CRINKLE CUT 1KG,PKS3462,1, RM8.50 ,210,20,20,20,8.50
21/2/2023,840,0,0,0,BURST ANGRY BITE BUBBLE GUM 60PCS,PKS6339,3, RM17.60 ,280,0,0,0,52.80
3/2/2023,369.6,0,39,159,CADBURY D/MILK MARVC JELLY POP 150G,PKS5644,4, RM7.40 ,92.4,0,9.75,39.75,29.60
7/3/2023,140.4,0,18.72,74.4,CADBURY DAIRY MILK BUBBLY 120G,PKS4862,2, RM7.40 ,70.2,0,9.36,37.2,14.80
3/2/2023,29.25,0,3.9,15.5,CADBURY DAIRY MILK BUBBLY 50G,PKS4861,1, RM2.73 ,29.25,0,3.9,15.5,2.73
3/6/2023,38.11,2.146,7.178,24.79,CADBURY DAIRY MILK HAZELNUT 37G,PKS2660,2, RM2.41 ,19.06,1.07,3.59,12.4,4.82
7/3/2023,183.96,0,11.844,46.62,CADBURY SHOTS 18G,PKS5909,14, RM0.82 ,13.14,0,0.85,3.33,11.48
7/3/2023,292,0,18.8,74,CADBURY SHOTS 39.6G,PKS6123,10, RM1.65 ,29.2,0,1.88,7.4,16.50
9/9/2023,100.1,0,15.54,6.3,CAP BULAN BINTANG MEE SANGGUL 140G,PKS0538,1, RM1.70 ,100.1,0,15.54,6.3,1.70
29/3/2023,3445,0,590,60,CAP BUNGA KERTAS KENTUCKY T/G SERBAGUNA ORI 1KG,PKS5318,5, RM5.50 ,689,0,118,12,27.50
29/3/2023,2157,0,321,0,CAP BUNGA KERTAS KENTUCKY T/G SERBAGUNA PEDAS 1KG,PKS5319,3, RM5.50 ,719,0,107,0,16.50
21/2/2023,2397,0,192,18,CAP CINTA KETUPAT NASI MINI 600G,PKS6074,5, RM4.49 ,479.4,0,38.4,3.6,22.45
10/3/2023,1552.5,129.375,139.725,0,CAP KIPAS UDANG K/L MASIN 345ML,PKS1281,15, RM4.53 ,103.5,8.63,9.32,0,67.95
17/7/2023,382.5,0,170,0,CAP LANG JAGUNG MANIS 425G,PKS0724,10, RM3.00 ,38.25,0,17,0,30.00
29/3/2023,247.5,0,120,127.5,CAP O SERBUK KARI MASAK MERAH 250G,PKS2734,3, RM4.30 ,82.5,0,40,42.5,12.90
29/3/2023,110,0,35,27.5,"CAP O SERBUK KARI UDANG,KETAM&IKAN KERING 250G",PKS2735,1, RM4.30 ,110,0,35,27.5,4.30
29/3/2023,173.25,0,26.75,19.25,CAP O SERBUK PERENCAH SUP 250G,PKS2739,1, RM5.10 ,173.25,0,26.75,19.25,5.10
16/8/2023,85.8,0,112.2,158.4,CAP RAMA RAMA KUACI 110G,PKS0437,6, RM21.50 ,14.3,0,18.7,26.4,129.00
23/5/2023,2000,0,75,0,CARTOON MARSMALLOW 30PCS,PKS1437,5, RM8.20 ,400,0,15,0,41.00
23/2/2023,5658.96,0,0,0,CED PURE HONEY 380G,PKS5047,17, RM8.60 ,332.88,0,0,0,146.20
7/3/2023,99.4,0,8.4,28.7,CHIPSMORE DOUBLE CHOCO 153G,PKS0523,1, RM3.56 ,99.4,0,8.4,28.7,3.56
10/2/2023,81.2,0,7.28,27.44,CHIPSMORE MINI HALZENUT 80G,PKS1466,1, RM1.86 ,81.2,0,7.28,27.44,1.86
3/2/2023,210.528,0,18.36,65.484,CHIPSMORE ORIGINAL 153G,PKS0524,2, RM3.56 ,105.26,0,9.18,32.74,7.12
23/5/2023,760,0,40,280,CHOCO BALL EARTH / GOLD / MIX COLOUR 100PCS,PKS6176,1, RM7.00 ,760,0,40,280,7.00
5/9/2023,760,0,40,280,CHOCO BALL EARTH / GOLD / MIX COLOUR 100PCS,PKS6176,1, RM7.00 ,760,0,40,280,7.00
3/1/2023,1520,0,80,560,CHOCO BALL EARTH / GOLD / MIX COLOUR 100PCS,PKS6176,2, RM7.00 ,760,0,40,280,14.00
3/1/2023,760,0,40,280,CHOCO BALL EARTH / GOLD / MIX COLOUR 100PCS,PKS6176,1, RM7.00 ,760,0,40,280,7.00
1/8/2023,760,0,40,280,CHOCO BALL EARTH / GOLD / MIX COLOUR 100PCS,PKS6176,1, RM7.00 ,760,0,40,280,7.00
1/2/2023,1520,0,80,560,CHOCO BALL EARTH / GOLD / MIX COLOUR 100PCS,PKS6176,2, RM7.00 ,760,0,40,280,14.00
30/3/2023,13.6,0,122.4,68,CINTA SARDIN 425G,PKS0745,2, RM4.70 ,6.8,0,61.2,34,9.40
13/2/2023,472.72,15.2,74.48,157.32,CINTAN ASAM LAKSA 5PCS,PKS2040,2, RM5.33 ,236.36,7.6,37.24,78.66,10.66
24/2/2023,256.88,7.6,34.58,57.76,CINTAN PERISA ASLI 5PCS,PKS0973,1, RM3.00 ,256.88,7.6,34.58,57.76,3.00
24/2/2023,3009.6,136.8,547.2,1026,CINTAN PERISA KARI 5PCS,PKS0972,18, RM3.65 ,167.2,7.6,30.4,57,65.70
16/1/2023,1337.6,60.8,243.2,456,CINTAN PERISA KARI 5PCS,PKS0972,8, RM3.65 ,167.2,7.6,30.4,57,29.20
13/2/2023,934.8,30.4,174.8,288.8,CINTAN TOM YAM 5PCS,PKS1985,4, RM5.33 ,233.7,7.6,43.7,72.2,21.32
19/6/2023,270,0,42.885,120.24,CJH KOKI KOKO CHIPS 450G,PKS0119,1, RM10.50 ,270,0,42.89,120.24,10.50
19/5/2023,270,0,42.885,120.24,CJH KOKI MAZOLA 450G,PKS0118,1, RM10.50 ,270,0,42.89,120.24,10.50
19/5/2023,420.8,0,45.6,292,CJH KUIH LOYANG 200GM,PKS6268,4, RM10.50 ,105.2,0,11.4,73,42.00
3/7/2023,210.4,0,22.8,146,CJH KUIH LOYANG 200GM,PKS6268,2, RM10.50 ,105.2,0,11.4,73,21.00
22/8/2023,4435.2,0,340.2,0,COLOR BAR MARSHMALLOW 30PCS,PKS5910,14, RM8.80 ,316.8,0,24.3,0,123.20
4/7/2023,240.975,12.495,23.562,63.189,CREAM-O COOKIES DARK CHOCOLATE 119G,PKS0454,3, RM2.26 ,80.33,4.17,7.85,21.06,6.78
4/7/2023,431.97,24.99,41.412,196.35,CREAM-O COOKIES ORI 119G,PKS0450,6, RM2.26 ,72,4.17,6.9,32.73,13.56
17/7/2023,585.8,0,15.15,101,DAIRY CHAMP KRIMER MANIS 505G,PKS2861,2, RM2.85 ,292.9,0,7.58,50.5,5.70
4/8/2023,7908.3,0,204.525,1363.5,DAIRY CHAMP KRIMER MANIS 505G,PKS2861,27, RM2.85 ,292.9,0,7.58,50.5,76.95
17/1/2023,3750.75,0,150.03,0,DAQIAN MARSHMALLOW 500G,PKS3725,9, RM7.10 ,416.75,0,16.67,0,63.90
11/7/2023,416.75,0,16.67,0,DAQIAN MARSHMALLOW 500G,PKS3725,1, RM7.10 ,416.75,0,16.67,0,7.10
1/2/2023,416.75,0,16.67,0,DAQIAN MARSHMALLOW 500G,PKS3725,1, RM7.10 ,416.75,0,16.67,0,7.10
7/9/2023,150,37.5,0,0,DESA ALPHA NATA DE COCO LYCHEE 1.5KG,PKS3647,1, RM4.90 ,150,37.5,0,0,4.90
7/9/2023,150,37.5,0,0,DESA ALPHA NATA DE COCO STRAWBERRY 1.5KG,PKS3646,1, RM4.90 ,150,37.5,0,0,4.90
7/9/2023,45,11.25,0,0,DESA APLHA NA DE COCO GRAPE 450G,PKS3808,1, RM2.30 ,45,11.25,0,0,2.30
7/9/2023,90,22.5,0,0,DESA APLHA NA DE COCO MANGO 450G,PKS3810,2, RM2.30 ,45,11.25,0,0,4.60
19/5/2023,640,0,80,275,D-JACK ANGRY BITE CHEESE 1KG,PKS4856,1, RM9.65 ,640,0,80,275,9.65
31/1/2023,88,0,0,0,DOLPHIN FRUITS JELLY STICK 360G,PKS6307,5, RM2.30 ,17.6,0,0,0,11.50
19/9/2023,17.6,0,0,0,DOLPHIN FRUITS JELLY STICK 360G,PKS6307,1, RM2.20 ,17.6,0,0,0,2.20
31/1/2023,108.16,5.44,5.44,0,DOLPHIN FRUITS PUDDING W/NATA DE COCO 40GX8PCS,PKS6302,1, RM2.50 ,108.16,5.44,5.44,0,2.50
31/1/2023,432,36,0,0,DOLPHIN KONJAC JELLY GRAPE 15PCS,PKS6215,8, RM4.40 ,54,4.5,0,0,35.20
26/6/2023,378,31.5,0,0,DOLPHIN KONJAC JELLY PEACH 15PCS,PKS6218,7, RM4.40 ,54,4.5,0,0,30.80
24/7/2023,54,4.5,0,0,DOLPHIN KONJAC JELLY PEACH 15PCS,PKS6218,1, RM4.40 ,54,4.5,0,0,4.40
31/1/2023,173.056,8.704,8.704,0,DOLPHIN MANGO JELLY W/NATA DE COCO 32GX8PCS,PKS6306,2, RM2.50 ,86.53,4.35,4.35,0,5.00
31/1/2023,150,30,0,0,DOLPHIN MIX FRUIT NATA JELLY 100PCS,PKS6213,1, RM7.90 ,150,30,0,0,7.90
1/2/2023,750,150,0,0,DOLPHIN MIX FRUIT NATA JELLY 100PCS,PKS6213,5, RM7.90 ,150,30,0,0,39.50
12/6/2023,101.4,5.1,5.1,0,DOLPHIN MIX FRUIT NATA PUDDING 85GX6PCS,PKS6212,1, RM4.15 ,101.4,5.1,5.1,0,4.15
1/2/2023,304.2,15.3,15.3,0,DOLPHIN MIX FRUIT NATA PUDDING 85GX6PCS,PKS6212,3, RM4.15 ,101.4,5.1,5.1,0,12.45
31/1/2023,76.8,15.36,0,0,DOLPHIN MIXED FRUIT JELLY W/NATA DE COCO 256G,PKS6304,6, RM1.50 ,12.8,2.56,0,0,9.00
28/8/2023,25.6,5.12,0,0,DOLPHIN MIXED FRUIT JELLY W/NATA DE COCO 256G,PKS6304,2, RM1.50 ,12.8,2.56,0,0,3.00
26/6/2023,51.2,10.24,0,0,DOLPHIN MIXED FRUIT JELLY W/NATA DE COCO 256G,PKS6304,4, RM1.50 ,12.8,2.56,0,0,6.00
14/2/2023,76.8,15.36,0,0,DOLPHIN MIXED FRUIT JELLY W/NATA DE COCO 256G,PKS6304,6, RM1.50 ,12.8,2.56,0,0,9.00
19/9/2023,101.4,5.1,5.1,0,DOLPHIN MIXED FRUIT NATA JELLY 130GX3PCS,PKS6214,1, RM2.40 ,101.4,5.1,5.1,0,2.40
31/1/2023,450,30,0,0,DOLPHIN NATA DE COCO KIWI 1.5KG,PKS3519,1, RM6.10 ,450,30,0,0,6.10
12/6/2023,450,30,0,0,DOLPHIN NATA DE COCO KIWI 1.5KG,PKS3519,1, RM6.10 ,450,30,0,0,6.10
14/2/2023,450,30,0,0,DOLPHIN NATA DE COCO MANGO 1.5KG,PKS6008,1, RM6.10 ,450,30,0,0,6.10
19/9/2023,16.2,5.4,0,0,DOLPHIN NATA DE COCO MANGO 270ML,PKS1805,1, RM1.33 ,16.2,5.4,0,0,1.33
31/1/2023,129.6,43.2,0,0,DOLPHIN NATA DE COCO W/LYCHEE DRINK 800G,PKS6292,2, RM3.70 ,64.8,21.6,0,0,7.40
31/1/2023,129.6,43.2,0,0,DOLPHIN NATA DE COCO W/MANGO DRINK 430G,PKS6294,4, RM2.40 ,32.4,10.8,0,0,9.60
31/1/2023,64.8,21.6,0,0,DOLPHIN NATA DE COCO W/MANGO DRINK 800G,PKS6291,1, RM3.70 ,64.8,21.6,0,0,3.70
31/1/2023,129.6,43.2,0,0,DOLPHIN NATA DE COCO W/STRAW DRINK 800G,PKS6290,2, RM3.70 ,64.8,21.6,0,0,7.40
31/1/2023,66,13.5,0,0,DOLPHIN YOGO SNAPZ FRUITS PUDDING STICK 45MLX8PCS,PKS6303,3, RM2.50 ,22,4.5,0,0,7.50
26/6/2023,22,4.5,0,0,DOLPHIN YOGO SNAPZ FRUITS PUDDING STICK 45MLX8PCS,PKS6303,1, RM2.40 ,22,4.5,0,0,2.40
1/9/2023,46.15,1.17,3.185,10.53,DOUBLE DECKER CHICKEN CRACKER 65G (NEW),PKS6431,1, RM1.65 ,46.15,1.17,3.19,10.53,1.65
15/9/2023,102.56,6.88,23.04,19.2,DOUBLE DECKER GREEN PEAS CRACKER 80G (NEW),PKS6469,2, RM1.65 ,51.28,3.44,11.52,9.6,3.30
1/9/2023,153.84,10.32,34.56,28.8,DOUBLE DECKER GREEN PEAS CRACKER 80G (NEW),PKS6469,3, RM1.65 ,51.28,3.44,11.52,9.6,4.95
9/6/2023,261.9,17.1,25.2,147.6,DOUBLE DECKER MINI CHIC 30PCS,PKS0195,1, RM8.70 ,261.9,17.1,25.2,147.6,8.70
16/8/2023,2095.2,136.8,201.6,1180.8,DOUBLE DECKER MINI PRAWN 30PCS,PKS0196,8, RM8.70 ,261.9,17.1,25.2,147.6,69.60
15/5/2023,69.84,4.56,6.72,39.36,DOUBLE DECKER PRAWN FAMILY PACK 8PCS,PKS0905,1, RM2.55 ,69.84,4.56,6.72,39.36,2.55
21/2/2023,108.1,0,0,0,DRAWING RULER+LOLLIPOP 30PCS,PKS1001,1, RM8.20 ,108.1,0,0,0,8.20
3/1/2023,108.1,0,0,0,DRAWING RULER+LOLLIPOP 30PCS,PKS1001,1, RM8.20 ,108.1,0,0,0,8.20
8/4/2023,18.8,0,6.3,3.8,DUTCH LADY BANANA 200ML,PKS6127,1, RM31.92 ,18.8,0,6.3,3.8,31.92
8/4/2023,18.8,0,6.3,3.8,DUTCH LADY BANANA 200ML,PKS6127,53, RM7.98 ,0.35,0,0.12,0.07,422.94
7/1/2023,996.4,0,333.9,201.4,DUTCH LADY BANANA 200ML,PKS6127,1, RM1.44 ,996.4,0,333.9,201.4,1.44
6/2/2023,84,0,26,13.2,DUTCH LADY CHOCO 1LIT,PKS2617,1, RM5.71 ,84,0,26,13.2,5.71
23/8/2023,10.5,0,3.25,1.625,DUTCH LADY CHOCOLATE MILK 125ML,PKS6126,1, RM18.96 ,10.5,0,3.25,1.63,18.96
3/1/2023,669.6,0,446.4,460.35,DUTCH LADY FRESH MILK 450ML,PKS1185,31, RM3.82 ,21.6,0,14.4,14.85,118.42
30/3/2023,144,0,96,99,DUTCH LADY FULL CREAM 1LIT,PKS2614,3, RM5.57 ,48,0,32,33,16.71
7/1/2023,57,0,26,12,DUTCH LADY LOW FAT 1LIT,PKS2615,1, RM6.05 ,57,0,26,12,6.05
8/4/2023,22.8,0,10.4,4.8,DUTCH LADY LOW FAT 200ML,PKS4778,2, RM1.33 ,11.4,0,5.2,2.4,2.66
31/1/2023,615.6,0,280.8,129.6,DUTCH LADY LOW FAT 450ML,PKS1714,24, RM3.73 ,25.65,0,11.7,5.4,89.52
8/4/2023,25.65,0,11.7,5.4,DUTCH LADY LOW FAT 450ML,PKS1714,1, RM3.73 ,25.65,0,11.7,5.4,3.73
6/2/2023,1008,0,364,182,DUTCH LADY STRAWBERRY 1LIT,PKS5283,14, RM5.71 ,72,0,26,13,79.94
16/2/2023,151.8,0,96.6,1614.6,EMBORG WHIPPING CREAM 200ML,PKS5896,23, RM6.85 ,6.6,0,4.2,70.2,157.55
10/3/2023,806,0,74,4.7,ERAWAN TEPUNG BERAS 1KG,PKS1959,1, RM3.40 ,806,0,74,4.7,3.40
10/3/2023,2821,0,259,16.45,ERAWAN TEPUNG BERAS 500G,PKS2043,7, RM1.75 ,403,0,37,2.35,12.25
10/2/2023,403,0,37,2.35,ERAWAN TEPUNG BERAS 500G,PKS2043,1, RM1.75 ,403,0,37,2.35,1.75
16/3/2023,6.16,0,102.08,40.88,ES SARDINES 400G,PKS5799,2, RM3.50 ,3.08,0,51.04,20.44,7.00
13/6/2023,648.6,0,0,0,EYE GUMMY LIGHT LOLLIPOP 60PCS,PKS5968,6, RM17.60 ,108.1,0,0,0,105.60
1/6/2023,864.8,0,0,0,EYE GUMMY LIGHT LOLLIPOP 60PCS,PKS5968,8, RM17.60 ,108.1,0,0,0,140.80
18/2/2023,11025,0,0,0,F&N SARSI 1.5LIT,PKS1353,150, RM34.20 ,73.5,0,0,0,5130.00
4/9/2023,220.5,0,0,0,F&N SARSI 1.5LIT,PKS1353,3, RM35.30 ,73.5,0,0,0,105.90
4/9/2023,73.5,0,0,0,F&N SARSI 1.5LIT,PKS1353,1, RM35.30 ,73.5,0,0,0,35.30
15/6/2023,13.25,0,3.75,2.5,F&N SEASONS SOYA 250ML,PKS4596,1, RM20.88 ,13.25,0,3.75,2.5,20.88
15/7/2023,400,0,88,48,FARM FRESH YOGURT MANGO TANGO 125ML,PKS6436,32, RM1.15 ,12.5,0,2.75,1.5,36.80
15/7/2023,400,0,88,48,FARM FRESH YOGURT STRAW BERRIES 125ML,PKS6435,32, RM1.15 ,12.5,0,2.75,1.5,36.80
30/3/2023,101.7,0,2.825,5.085,FERRY BRAND KING LONGAN 565G,PKS5535,1, RM6.00 ,101.7,0,2.83,5.09,6.00
16/2/2023,0,0,487.32,242.76,FIRST PRIDE BBQ CHICKEN 600G,PKS5731,3, RM12.50 ,0,0,162.44,80.92,37.50
23/5/2023,2400,0,0,0,FRESH FRUIT JELLY 20PCS,PKS4086,20, RM6.00 ,120,0,0,0,120.00
5/7/2023,120,13.2,10.5,22.2,FRITTOS KACANG CHAMPION 30PCS,PKS1097,1, RM5.88 ,120,13.2,10.5,22.2,5.88
23/3/2023,140,0,80,165,FRITTOS MURUKU BINTANG 500G,PKS1088,1, RM3.60 ,140,0,80,165,3.60
5/7/2023,225,0,30,215,FRITTOS MURUKU HALUS 500G,PKS1094,1, RM3.60 ,225,0,30,215,3.60
23/3/2023,140,0,80,165,FRITTOS MURUKU IKAN 500G,PKS1090,1, RM3.60 ,140,0,80,165,3.60
23/3/2023,140,0,80,165,FRITTOS MURUKU IKAN SWEET&SPICY 500G,PKS1093,1, RM3.80 ,140,0,80,165,3.80
5/7/2023,140,0,80,165,FRITTOS MURUKU IKAN SWEET&SPICY 500G,PKS1093,1, RM3.80 ,140,0,80,165,3.80
5/7/2023,140,0,80,165,FRITTOS MURUKU KARI SATAY 500G,PKS1089,1, RM3.80 ,140,0,80,165,3.80
12/5/2023,40320,0,3888,11088,FRONTIER TOPFER W/STICK CHOCO 40PCS,PKS0339,36, RM4.40 ,1120,0,108,308,158.40
12/5/2023,40320,0,3888,11088,FRONTIER TOPFER W/STICK VANILA 40PCS,PKS0340,36, RM4.40 ,1120,0,108,308,158.40
5/7/2023,75.3,0,0,0,FRUIT TWISTER LOLLIPOP 24PCS,PKS1841,1, RM0.30 ,75.3,0,0,0,0.30
12/9/2023,22,0,0,0,FUNNY SPRAY 20PCS,PKS6274,1, RM6.00 ,22,0,0,0,6.00
11/2/2023,8150,0,750,90,GAJAH TEPUNG BERAS 1KG,PKS1257,10, RM3.30 ,815,0,75,9,33.00
10/2/2023,815,0,75,9,GAJAH TEPUNG BERAS 1KG,PKS1257,1, RM3.30 ,815,0,75,9,3.30
30/3/2023,407.5,0,37.5,4.5,GAJAH TEPUNG BERAS 500G,PKS1586,1, RM1.75 ,407.5,0,37.5,4.5,1.75
15/8/2023,93,0,0,0,GAS CANISTERS SPRAY 30PCS,PKS3592,1, RM9.00 ,93,0,0,0,9.00
12/9/2023,93,0,0,0,GAS CANISTERS SPRAY 30PCS,PKS3592,1, RM9.00 ,93,0,0,0,9.00
9/9/2023,0,0,0,837.5,GHEE MINYAK SAPI TULIN 125G,PKS2331,1, RM9.50 ,0,0,0,837.5,9.50
16/5/2023,33,0,0,0,GIANT JUICY ROLLER SYRUP CANDY 30PCS,PKS3957,1, RM9.00 ,33,0,0,0,9.00
11/7/2023,12,0,0,0,GLINTER SPARKLING GREEN APPLE 350ML,PKS3764,1, RM1.90 ,12,0,0,0,1.90
8/8/2023,440,20,40,180,GOLD COIN CHOCOLATE 100PCS,PKS1003,1, RM7.00 ,440,20,40,180,7.00
4/9/2023,299,0,8.5,53,GOLD COIN KOPI&TARIK K/MANIS 500G,PKS1021,1, RM3.30 ,299,0,8.5,53,3.30
16/2/2023,1.5,0,65,55.5,GUD SHREDDED MOZZARELLA 250G,PKS5891,1, RM12.00 ,1.5,0,65,55.5,12.00
31/3/2023,999,0,0,0,GULA PRAI 1KG,PKS1527,1, RM66.50 ,999,0,0,0,66.50
13/6/2023,11040,0,0,0,H&H RULER WATERMELON B.GUM 30PCS,PKS4763,16, RM8.80 ,690,0,0,0,140.80
23/2/2023,320.4,0,8,1.6,HARIMAU SERBUK ASAM 400G,PKS0460,1, RM4.30 ,320.4,0,8,1.6,4.30
26/6/2023,14,0,0,0,HAUS BOOM CHEERS KING COLA 325ML,PKS6375,1, RM1.05 ,14,0,0,0,1.05
26/6/2023,14,0,0,0,HAUS BOOM CHEERS ORANGE 325ML,PKS6377,1, RM1.05 ,14,0,0,0,1.05
17/4/2023,312,0,24,144,HELLO PANDA CHOC 43G,PKS5841,12, RM2.30 ,26,0,2,12,27.60
17/4/2023,390,0,30,180,HELLO PANDA STRAWBERRY 43G,PKS5840,15, RM2.30 ,26,0,2,12,34.50
15/8/2023,24,0,2,12.6,HEPIN CHOCOLATE GOOD! 40G,PKS2235,1, RM1.90 ,24,0,2,12.6,1.90
15/2/2023,102.24,0,13.28,38.4,HET MARJERIN ROTI KOK 160G+-,PKS4940,15, RM2.55 ,6.82,0,0.89,2.56,38.25
10/2/2023,102,0,21.25,0,HOBE RED KIDNEY BEANS 425G,PKS0744,1, RM3.10 ,102,0,21.25,0,3.10
18/1/2023,357.5,0,825,1375,HOGOMAS / BESBITE KUACI 110G,PKS4159,25, RM1.85 ,14.3,0,33,55,46.25
21/2/2023,4800,0,0,0,HORSE POPPING LOLLIPOP 30PCS,PKS5997,10, RM8.80 ,480,0,0,0,88.00
14/9/2023,290,0,10,30,HPG HAW FLAKES 10PCS,PKS1239,1, RM0.89 ,290,0,10,30,0.89
24/8/2023,12876,0,444,1332,HPG HAW FLAKES 12PCS,PKS3281,37, RM3.40 ,348,0,12,36,125.80
23/2/2023,348,0,12,36,HPG HAW FLAKES 12PCS,PKS3281,1, RM3.60 ,348,0,12,36,3.60
14/9/2023,25056,0,864,2592,HPG HAW FLAKES 12PCS,PKS3281,72, RM3.40 ,348,0,12,36,244.80
14/9/2023,50112,0,1728,5184,HPG HAW FLAKES 12PCS,PKS3281,144, RM3.40 ,348,0,12,36,489.60
14/9/2023,696,0,24,72,HPG HAW FLAKES 12PCS,PKS3281,2, RM3.40 ,348,0,12,36,6.80
14/9/2023,2784,0,96,288,HPG HAW FLAKES 12PCS,PKS3281,8, RM3.40 ,348,0,12,36,27.20
23/2/2023,23.2,3.2,2,14,HPG MACARONS LEMON 80PCS,PKS1553,1, RM4.80 ,23.2,3.2,2,14,4.80
23/2/2023,80,0,0,0,HPG SLICE KONJAC JELLY CANDY 40PCS,PKS6182,1, RM11.30 ,80,0,0,0,11.30
28/6/2023,6400,0,0,0,HSH LOLLIPOP 40PCS,PKS0268,10, RM6.70 ,640,0,0,0,67.00
21/6/2023,1280,0,0,0,HSH LOLLIPOP 40PCS,PKS0268,2, RM6.70 ,640,0,0,0,13.40
15/5/2023,88,0,8,24,HUP SENG TEDDY BISCUITS 120G,PKS4107,1, RM2.50 ,88,0,8,24,2.50
15/8/2023,20,0,0,0,ICE BREAKERS MINTS 20PCS,PKS6526,1, RM13.00 ,20,0,0,0,13.00
14/8/2023,180.72,0,0,0,ICE CREAM FRUIT FLAVOR 24PCS,PKS1460,1, RM7.10 ,180.72,0,0,0,7.10
14/8/2023,1084.32,0,0,0,ICE CREAM FRUIT FLAVOR 24PCS,PKS1460,6, RM0.30 ,180.72,0,0,0,1.80
21/2/2023,7134.6,0,0,0,ICE CREAM LOLLIPOP 30PCS,PKS6243,22, RM9.00 ,324.3,0,0,0,198.00
13/6/2023,2594.4,0,0,0,ICE CREAM LOLLIPOP 30PCS,PKS6243,8, RM9.00 ,324.3,0,0,0,72.00
3/2/2023,272,16,32,72,JACOB'S WEETAMEAL 8PCS (BOX),PKS3074,2, RM5.09 ,136,8,16,36,10.18
10/2/2023,712.8,0,79.2,0,JALEN KICAP MASIN 325ML,PKS1954,9, RM3.04 ,79.2,0,8.8,0,27.36
24/2/2023,15440,0,1420,580,JATI BERAS JELAPANG 10KG,PKS1523,2, RM27.72 ,7720,0,710,290,55.44
24/2/2023,15440,0,1420,580,JATI BERAS JELAPANG 10KG,PKS1523,2, RM27.72 ,7720,0,710,290,55.44
22/9/2023,7720,0,710,290,JATI BERAS JELAPANG 10KG,PKS1523,1, RM30.99 ,7720,0,710,290,30.99
22/5/2023,7720,0,710,290,JATI BERAS JELAPANG 10KG,PKS1523,1, RM28.81 ,7720,0,710,290,28.81
21/7/2023,7720,0,710,290,JATI BERAS JELAPANG 10KG,PKS1523,1, RM30.99 ,7720,0,710,290,30.99
16/1/2023,7720,0,710,290,JATI BERAS JELAPANG 10KG,PKS1523,1, RM27.72 ,7720,0,710,290,27.72
5/4/2023,15440,0,1420,580,JATI BERAS JELAPANG 10KG,PKS1523,2, RM28.81 ,7720,0,710,290,57.62
24/8/2023,11580,0,1065,435,JATI BERAS JELAPANG 5KG,PKS3240,3, RM15.84 ,3860,0,355,145,47.52
24/2/2023,3860,0,355,145,JATI BERAS JELAPANG 5KG,PKS3240,1, RM14.16 ,3860,0,355,145,14.16
22/5/2023,3860,0,355,145,JATI BERAS JELAPANG 5KG,PKS3240,1, RM14.70 ,3860,0,355,145,14.70
17/3/2023,3860,0,355,145,JATI BERAS JELAPANG 5KG,PKS3240,1, RM14.16 ,3860,0,355,145,14.16
10/5/2023,76,0,0,0,JAYER PUDDING JELLY+POP CANDY 20GX10PCS,PKS6280,1, RM6.25 ,76,0,0,0,6.25
11/8/2023,0.6,0,0,0,JAYER RAINBOW PUDDING JELLY 2PACKS,PKS2381,1, RM1.45 ,0.6,0,0,0,1.45
10/5/2023,1190.4,0,0,0,JAYER RAINBOW PUDDING JELLY 32PCS,PKS3766,62, RM16.64 ,19.2,0,0,0,1031.68
10/5/2023,345.6,0,0,0,JAYER RAINBOW PUDDING JELLY 32PCS,PKS3766,18, RM0.52 ,19.2,0,0,0,9.36
16/5/2023,97.2,0,0,0,JERY~Q JELLY NATA DRINK 12PCS,PKS5821,1, RM8.20 ,97.2,0,0,0,8.20
4/7/2023,235.2,0,32.16,181.92,JnJ POTATO CHIPS CILI SALSA 60G,PKS0849,8, RM2.13 ,29.4,0,4.02,22.74,17.04
5/9/2023,147,0,20.1,113.7,JnJ ROLLER COASTER BBQ 60G,PKS0605,5, RM16.72 ,29.4,0,4.02,22.74,83.60
12/5/2023,48,0,16,41.6,JOMEI BISKUT OK GO MELON 210G,PKS5864,1, RM4.20 ,48,0,16,41.6,4.20
3/7/2023,625.56,0,21.84,74.88,JOMEI JAYA CHEWY 30PCS,PKS1452,2, RM7.80 ,312.78,0,10.92,37.44,15.60
22/2/2023,840,0,23,0,JOMEI MARSHMALLOW 500G,PKS3491,2, RM7.00 ,420,0,11.5,0,14.00
19/4/2023,2100,0,57.5,0,JOMEI MARSHMALLOW 500G,PKS3491,5, RM7.00 ,420,0,11.5,0,35.00
12/5/2023,420,0,11.5,0,JOMEI MARSHMALLOW 500G,PKS3491,1, RM7.00 ,420,0,11.5,0,7.00
10/8/2023,420,0,11.5,0,JOMEI MARSHMALLOW 500G,PKS3491,1, RM7.00 ,420,0,11.5,0,7.00
3/7/2023,420,0,11.5,0,JOMEI MARSHMALLOW 500G,PKS3491,1, RM7.00 ,420,0,11.5,0,7.00
22/2/2023,413.5,0,12,43,JOMEI STONE CANDY 500G,PKS0601,1, RM6.00 ,413.5,0,12,43,6.00
3/7/2023,413.5,0,12,43,JOMEI STONE CANDY 500G,PKS0601,1, RM6.00 ,413.5,0,12,43,6.00
7/7/2023,131.4,0,27.45,0,JOMEI XL SOUR FRUIT POWDER 30PCS,PKS4155,1, RM7.80 ,131.4,0,27.45,0,7.80
24/2/2023,128,8,16,48,JULIE'S OAT 25 TEN GRAIN 12PCS,PKS4574,2, RM14.40 ,64,4,8,24,28.80
25/8/2023,1644.864,74.88,202.176,586.56,JULIE'S SUGAR CRACKERS 416G,PKS0931,6, RM3.30 ,274.14,12.48,33.7,97.76,19.80
22/9/2023,274.144,12.48,33.696,97.76,JULIE'S SUGAR CRACKERS 416G,PKS0931,1, RM2.85 ,274.14,12.48,33.7,97.76,2.85
20/7/2023,61.2,1.7,5.1,0,KELLOGG'S SCHOOL PACK 170GX6PCS,PKS4361,6, RM7.38 ,10.2,0.28,0.85,0,44.28
13/6/2023,22,0,0,0,KHY BIG CRYSTAL LOLLIPOP,PKS4209,1, RM1.30 ,22,0,0,0,1.30
20/6/2023,93.44,0,19.52,0,KHY BIG SOUR FRUIT POWDER 20PCS+2PCS,PKS4684,1, RM6.10 ,93.44,0,19.52,0,6.10
16/5/2023,240,0,0,0,KHY RAINBOW GUM W SOUR POWDER 50PCS,PKS4740,1, RM3.40 ,240,0,0,0,3.40
4/7/2023,93.44,0,19.52,0,KHY SOUR FRUIT POWDER 30+3PCS,PKS6474,1, RM4.90 ,93.44,0,19.52,0,4.90
20/6/2023,60,1,8,10,KHY TAMAGO (II) / EGGO HERO,PKS4686,1, RM0.75 ,60,1,8,10,0.75
4/7/2023,60,1,8,10,KHY TAMAGO (II) / EGGO HERO,PKS4686,1, RM0.75 ,60,1,8,10,0.75
30/3/2023,1377.72,0,294.12,15.48,KIMBALL PATI TOMATO 430G,PKS0730,36, RM4.30 ,38.27,0,8.17,0.43,154.80
17/7/2023,612.32,0,130.72,6.88,KIMBALL PATI TOMATO 430G,PKS0730,16, RM5.20 ,38.27,0,8.17,0.43,83.20
15/5/2023,38.27,0,8.17,0.43,KIMBALL PATI TOMATO 430G,PKS0730,1, RM4.30 ,38.27,0,8.17,0.43,4.30
6/2/2023,38.27,0,8.17,0.43,KIMBALL PATI TOMATO 430G,PKS0730,1, RM4.30 ,38.27,0,8.17,0.43,4.30
10/3/2023,3124,0,44,22,KIMBALL SOS BBQ 1KG,PKS3148,11, RM8.60 ,284,0,4,2,94.60
6/2/2023,2272,0,32,16,KIMBALL SOS BBQ 1KG,PKS3148,8, RM7.94 ,284,0,4,2,63.52
29/5/2023,2132.82,0,23.12,5.78,KIMBALL SOS CILI 340G,PKS0585,17, RM2.67 ,125.46,0,1.36,0.34,45.39
4/8/2023,125.46,0,1.36,0.34,KIMBALL SOS CILI 340G,PKS0585,1, RM2.67 ,125.46,0,1.36,0.34,2.67
29/5/2023,553.5,0,6,1.5,KIMBALL SOS CILI 500G,PKS0750,3, RM3.51 ,184.5,0,2,0.5,10.53
16/1/2023,560,0,72,132,KIMBALL SOS KEJU 1KG,PKS5078,4, RM9.55 ,140,0,18,33,38.20
17/7/2023,536,0,10,1,KIMBALL SOS LADA HITAM 1KG,PKS0691,2, RM6.85 ,268,0,5,0.5,13.70
6/2/2023,3216,0,60,6,KIMBALL SOS LADA HITAM 1KG,PKS0691,12, RM6.85 ,268,0,5,0.5,82.20
6/2/2023,493.5,0,52.5,31.5,KIMBALL SOS PASTA TRADISIONAL 350G,PKS3147,10, RM4.21 ,49.35,0,5.25,3.15,42.10
29/5/2023,1288.77,0,71.4,0,KIMBALL SOS TIRAM 255G,PKS0808,14, RM3.28 ,92.06,0,5.1,0,45.92
6/2/2023,1024,0,28,0,KIMBALL SOS TOMATO 1KG,PKS0693,4, RM4.43 ,256,0,7,0,17.72
12/8/2023,1248,0,34.125,0,KIMBALL SOS TOMATO 325G,PKS0811,15, RM2.88 ,83.2,0,2.28,0,43.20
21/8/2023,124.16,0,3.395,0,KIMBALL SOS TOMATO 485G,PKS0809,1, RM4.10 ,124.16,0,3.4,0,4.10
4/8/2023,124.16,0,3.395,0,KIMBALL SOS TOMATO 485G,PKS0809,1, RM4.10 ,124.16,0,3.4,0,4.10
15/5/2023,53.55,0,2.975,7.65,KIMBALL SUP TOMATO 425G,PKS0729,3, RM3.34 ,17.85,0,0.99,2.55,10.02
10/2/2023,53.55,0,2.975,7.65,KIMBALL SUP TOMATO 425G,PKS0729,1, RM3.21 ,53.55,0,2.98,7.65,3.21
4/8/2023,160.65,0,8.925,22.95,KIMBALL SUP TOMATO 425G,PKS0729,1, RM3.75 ,160.65,0,8.93,22.95,3.75
24/5/2023,8.5,0,59.5,19.975,KING CUP SARDINES 425G,PKS2872,1, RM7.45 ,8.5,0,59.5,19.98,7.45
9/5/2023,10.3,0,1.2,4.8,KITKAT 35G 4F,PKS2030,1, RM2.42 ,10.3,0,1.2,4.8,2.42
14/1/2023,226,0,33.6,113.2,KITKAT CHUNKY RAISIN & COOKIES 38G,PKS5999,4, RM2.52 ,56.5,0,8.4,28.3,10.08
16/2/2023,592,0,652,84,KLFC MARINATED S/B CHICKEN CHOP 1KG,PKS5890,4, RM22.58 ,148,0,163,21,90.32
16/2/2023,511,0,591.5,273,KLFC TERIYAKI CHICKEN WITH SAUCE 350G,PKS5899,10, RM11.86 ,51.1,0,59.15,27.3,118.60
16/8/2023,2560,0,256,128,KOKO HARIMAU 40PCS,PKS0206,16, RM7.50 ,160,0,16,8,120.00
15/9/2023,160,0,16,8,KOKO TIGER 40PCS,PKS0207,1, RM6.80 ,160,0,16,8,6.80
3/6/2023,240,8,24,92,KOKO TUBE SOFT CHOC 80PCS,PKS2616,1, RM7.20 ,240,8,24,92,7.20
1/6/2023,31.724,0,0,0,KONNYAKU MIXED FRUIT KONJAC JELLY 12PCS,PKS6271,1, RM3.20 ,31.72,0,0,0,3.20
22/8/2023,7440,0,240,0,LEISURE TIME LONG MARSHMALLOW 24PCS,PKS1798,20, RM7.68 ,372,0,12,0,153.60
22/8/2023,1860,0,60,0,LEISURE TIME LONG MARSHMALLOW 24PCS,PKS1798,5, RM12.72 ,372,0,12,0,63.60
10/2/2023,323.4,19.8,0,0,LIFE SOS CILI 330G,PKS0721,2, RM2.60 ,161.7,9.9,0,0,5.20
13/6/2023,19.8,0,2.7,8.1,LOVELY COTTON CANDY 90G+-,PKS2421,1, RM1.70 ,19.8,0,2.7,8.1,1.70
16/2/2023,22.5,0,18.75,2925,LURPAK BUTTER S/SALTED 250G,PKS5898,15, RM10.50 ,1.5,0,1.25,195,157.50
16/2/2023,16.5,0,13.75,2145,LURPAK BUTTER UNSALTED 250G,PKS5897,11, RM8.90 ,1.5,0,1.25,195,97.90
21/9/2023,34734.7,0,2402.4,9509.5,M&M FUN SIZE PEANUT 13BAGS (175.5G),PKS0884,22, RM11.25 ,1578.85,0,109.2,432.25,247.50
21/9/2023,1443.05,112.7,242.55,634.55,M&M 'S CHOCOLATE CANDIES 175.5G,PKS5053,14, RM12.42 ,103.08,8.05,17.33,45.33,173.88
3/2/2023,244,0,38.5,73,MAGGI 2MNT BIG AYAM 5PCS,PKS3472,1, RM4.95 ,244,0,38.5,73,4.95
14/3/2023,8,0,12,4,MAGGI KIUB PATI IKAN BILIS 6X10G,PKS2241,1, RM2.83 ,8,0,12,4,2.83
14/3/2023,220,0,88,88,MAGGI KIUB PATI TOM YAM 6X10G,PKS2242,11, RM2.83 ,20,0,8,8,31.13
3/2/2023,219.5,0,33,78,MAGGI MI GORENG SAMBAL T/BILIS 5PCS,PKS2764,1, RM5.79 ,219.5,0,33,78,5.79
3/2/2023,95.62,5.04,16.1,4.9,MAGGI PAZZTA MUSHROOM PENNE 70G,PKS2654,2, RM2.79 ,47.81,2.52,8.05,2.45,5.58
23/6/2023,56.823,0,7.626,20.181,MAGGI PEDAS GILER AYAM BAKAR 93G (BOWL),PKS4121,1, RM3.63 ,56.82,0,7.63,20.18,3.63
25/8/2023,1281.408,0,203.04,471.504,MAGGI PEDAS GILER CHEEZY BERAPI 94G (BOWL),PKS6266,24, RM4.25 ,53.39,0,8.46,19.65,102.00
3/2/2023,59.461,0,8.148,20.661,MAGGI PEDAS GILER SEA FOOD 97G (BOWL),PKS4315,1, RM3.18 ,59.46,0,8.15,20.66,3.18
19/8/2023,224,0,32.5,88.5,MAGGI PEDAS GILER TOM YUMMZ 5PCS,PKS4542,1, RM8.50 ,224,0,32.5,88.5,8.50
5/7/2023,153,0,7.8,99,MAGIC LIPSTICK CANDY 30PCS,PKS6310,3, RM9.00 ,51,0,2.6,33,27.00
9/9/2023,72,0,9,36,MAMA SEDAP BAWANG GORENG 180G,PKS0784,1, RM2.50 ,72,0,9,36,2.50
9/9/2023,579.6,0,928.8,1771.2,MAMA SEDAP K/TANAH HANCURAN 300G,PKS0785,12, RM4.40 ,48.3,0,77.4,147.6,52.80
21/7/2023,1121.4,0,210.6,331.2,MAMEE MONSTER LADA HITAM 8PCS,PKS3712,9, RM2.90 ,124.6,0,23.4,36.8,26.10
30/3/2023,903,0,30,150,MARIGOLD K&T SWEET CREAMER 500G,PKS0412,3, RM2.92 ,301,0,10,50,8.76
17/7/2023,301,0,10,50,MARIGOLD K&T SWEET CREAMER 500G,PKS0412,1, RM2.90 ,301,0,10,50,2.90
16/2/2023,6923,0,230,1150,MARIGOLD K&T SWEET CREAMER 500G,PKS0412,23, RM2.02 ,301,0,10,50,46.46
30/3/2023,84.24,0,29.64,65.52,MARIGOLD KRIMER SEJAT 390G,PKS1290,2, RM3.06 ,42.12,0,14.82,32.76,6.12
17/7/2023,84.24,0,29.64,65.52,MARIGOLD KRIMER SEJAT 390G,PKS1290,2, RM2.96 ,42.12,0,14.82,32.76,5.92
16/2/2023,589.68,0,207.48,458.64,MARIGOLD KRIMER SEJAT 390G,PKS1290,14, RM3.06 ,42.12,0,14.82,32.76,42.84
4/8/2023,252.72,0,88.92,196.56,MARIGOLD KRIMER SEJAT 390G,PKS1290,6, RM3.06 ,42.12,0,14.82,32.76,18.36
1/2/2023,26.775,0,167.025,116.025,MARINA SARDIN 425G,PKS2525,3, RM5.86 ,8.93,0,55.68,38.68,17.58
21/2/2023,279,0,18,27,MARSHMALLOW CHOCOLATE 30PCS,PKS0995,3, RM8.80 ,93,0,6,9,26.40
8/8/2023,186,0,12,18,MARSHMALLOW CHOCOLATE 30PCS,PKS0995,2, RM8.80 ,93,0,6,9,17.60
1/3/2023,93,0,6,9,MARSHMALLOW CHOCOLATE 30PCS,PKS0995,1, RM8.80 ,93,0,6,9,8.80
20/7/2023,1122,66,66,330,MCCAIN ORIGINAL FRIES CRINKLE CUT 600G,PKS0496,6, RM8.25 ,187,11,11,55,49.50
20/7/2023,2992,176,176,616,MCCAIN ORIGINAL FRIES STRAIGHT CUT 600G,PKS0499,16, RM8.25 ,187,11,11,38.5,132.00
14/2/2023,64,0,64,160,MEG SLICES CHEESE 8SLICES,PKS6087,4, RM3.95 ,16,0,16,40,15.80
25/1/2023,250,0,925,1380,MEGA FOOD AUSTRALIAN CHEDDAR 12SLICES,PKS6071,25, RM8.39 ,10,0,37,55.2,209.75
25/1/2023,0,0,17.5,1400,MEGA FOOD BUTTER SALTED 250G,PKS3507,7, RM8.40 ,0,0,2.5,200,58.80
25/1/2023,13.5,0,13.5,1847.25,MEGA FOOD BUTTER UNSALTED 250G,PKS3506,9, RM8.40 ,1.5,0,1.5,205.25,75.60
17/4/2023,26.4,0,4.4,13.2,MEIJI YAN YAN VANILLA 44G,PKS5835,1, RM2.60 ,26.4,0,4.4,13.2,2.60
28/6/2023,200,0,0,0,MENTOS MINI FRUIT MIX 100PCS,PKS0147,1, RM20.50 ,200,0,0,0,20.50
17/1/2023,456,0,24,24,MENTOS MINI RAINBOW 100PCS,PKS0146,1, RM20.50 ,456,0,24,24,20.50
18/1/2023,290,20,40,70,MI SEDAAP KOREAN SPICY CHICKEN 5PCS,PKS2594,1, RM4.64 ,290,20,40,70,4.64
16/2/2023,290,20,40,70,MI SEDAAP KOREAN SPICY CHICKEN 5PCS,PKS2594,1, RM4.84 ,290,20,40,70,4.84
23/6/2023,24,1.2,4.8,3.6,MILO ORI 240ML (TIN),PKS1388,1, RM2.45 ,24,1.2,4.8,3.6,2.45
21/2/2023,330,0,0,0,MIMI LOLLIPOP 30PCS,PKS6332,1, RM9.00 ,330,0,0,0,9.00
23/2/2023,903,0,63,10.5,MIMICO JELLY DROPS 350G,PKS0453,3, RM3.65 ,301,0,21,3.5,10.95
7/3/2023,336,16,16,96,MINI OREO CHOCOLATE 8PCS,PKS4100,2, RM6.03 ,168,8,8,48,12.06
28/8/2023,8064,384,384,2304,MINI OREO ORIGINAL 8PCS,PKS4101,48, RM6.03 ,168,8,8,48,289.44
16/5/2023,74.9,0,8.96,48.86,MISTER POTATO BBQ 75G,PKS4352,2, RM2.32 ,37.45,0,4.48,24.43,4.64
16/8/2023,1507.44,121.44,150.48,726,MISTER POTATO HOT & SPICY 22GX20PCS (NEW),PKS4563,6, RM14.20 ,251.24,20.24,25.08,121,85.20
16/5/2023,251.24,20.24,25.08,121,MISTER POTATO SYOK WAVE SEAFOOD 20PCS (NEW),PKS6055,1, RM14.20 ,251.24,20.24,25.08,121,14.20
16/5/2023,426.66,0,50.7,251.94,MISTER POTATO SYOK WAVE SEAFOOD 65G,PKS1626,12, RM2.30 ,35.56,0,4.23,21,27.60
16/5/2023,106.665,0,12.675,62.985,MISTER POTATO SYOK WAVE SEAFOOD 65G,PKS1626,3, RM2.30 ,35.56,0,4.23,21,6.90
11/7/2023,180,0,0,0,MIX CC STICK CANDY 30PCS,PKS6288,3, RM9.00 ,60,0,0,0,27.00
27/6/2023,100,0,0,0,MIXX KONJAC JELLY 40PCS,PKS6186,1, RM12.00 ,100,0,0,0,12.00
16/5/2023,100,0,0,0,MIXX KONJAC JELLY 40PCS,PKS6186,1, RM12.00 ,100,0,0,0,12.00
14/3/2023,1200,0,0,0,MIXX KONJAC JELLY 40PCS,PKS6186,12, RM12.00 ,100,0,0,0,144.00
10/1/2023,100,0,0,0,MIXX KONJAC JELLY 40PCS,PKS6186,1, RM12.00 ,100,0,0,0,12.00
1/6/2023,100,0,0,0,MIXX KONJAC JELLY 40PCS,PKS6186,1, RM12.00 ,100,0,0,0,12.00
18/4/2023,134.75,0,13.75,93.5,MORE CHOCO CUBES 55G,PKS6050,5, RM1.70 ,26.95,0,2.75,18.7,8.50
18/4/2023,539,0,55,374,MORE MALTED CUBES 55G,PKS6051,20, RM1.70 ,26.95,0,2.75,18.7,34.00
18/4/2023,539,0,55,374,MORE ROSE BANDUNG CUBES 55G,PKS6052,20, RM1.70 ,26.95,0,2.75,18.7,34.00
16/5/2023,120,0,60,60,MOTOKAR SERBUK JINTAN MANIS 100G,PKS1162,3, RM1.40 ,40,0,20,20,4.20
22/3/2023,181,0,18.5,11.25,MOTOKAR SERBUK KUNYIT 250G,PKS1156,1, RM3.20 ,181,0,18.5,11.25,3.20
7/2/2023,905,0,92.5,56.25,MOTOKAR SERBUK KUNYIT 250G,PKS1156,5, RM3.20 ,181,0,18.5,11.25,16.00
7/2/2023,2896,0,296,180,MOTOKAR SERBUK KUNYIT 500G,PKS1155,8, RM6.30 ,362,0,37,22.5,50.40
7/2/2023,198,7.5,31.8,10.5,MOTOKAR SERBUK LADA HITAM 100G,PKS1163,3, RM5.70 ,66,2.5,10.6,3.5,17.10
16/5/2023,336,15,52.2,57.6,MOTOKAR SERBUK LADA PUTIH 100G,PKS1164,6, RM6.70 ,56,2.5,8.7,9.6,40.20
16/5/2023,28,1.25,4.35,4.8,MOTOKAR SERBUK LADA PUTIH 55G,PKS4005,1, RM5.20 ,28,1.25,4.35,4.8,5.20
28/6/2023,67.25,6.875,7.875,35.125,MR POTATO CRISPS BBQ 125G,PKS1615,1, RM3.55 ,67.25,6.88,7.88,35.13,3.55
13/2/2023,158.05,15.66,17.4,78.3,MR POTATO CRISPS ORI 145G,PKS1614,2, RM3.55 ,79.03,7.83,8.7,39.15,7.10
30/3/2023,750,0,75,0,MUDIM KICAP ISTIMEWA 2.5KG,PKS0823,1, RM11.33 ,750,0,75,0,11.33
30/3/2023,875,0,100,0,MUDIM SOS CILI PEDAS 2.5KG,PKS0824,1, RM11.33 ,875,0,100,0,11.33
14/2/2023,3887.46,56.34,394.38,1183.14,MUNCHY'S C/KER S/WICH BUTTER 313G,PKS0521,18, RM4.28 ,215.97,3.13,21.91,65.73,77.04
14/2/2023,355.6,15.24,45.72,91.44,MUNCHY'S CHEERMIX 508G,PKS0657,1, RM7.10 ,355.6,15.24,45.72,91.44,7.10
14/2/2023,125.4,5.7,13.3,43.7,MUNCHY'S LEXUS CHOCO 190G,PKS0518,1, RM4.83 ,125.4,5.7,13.3,43.7,4.83
4/9/2023,752.4,34.2,79.8,262.2,MUNCHY'S LEXUS CHOCO 190G,PKS0518,6, RM4.64 ,125.4,5.7,13.3,43.7,27.84
14/2/2023,851.2,39.9,93.1,319.2,MUNCHY'S LEXUS LEMON CREAM 190G,PKS3157,7, RM4.83 ,121.6,5.7,13.3,45.6,33.81
14/2/2023,657,9,81,135,MUNCHY'S LEXUS LEMON CREAM 190G,PKS3157,3, RM4.83 ,219,3,27,45,14.49
14/2/2023,438,6,54,90,MUNCHY'S MARIE CAPPUCCINO 300G,PKS0507,2, RM4.33 ,219,3,27,45,8.66
4/7/2023,438,12,48,96,MUNCHY'S MARIE CAPPUCCINO 300G,PKS0507,2, RM4.11 ,219,6,24,48,8.22
4/7/2023,219,6,24,48,MUNCHY'S MARIE ORI 300G,PKS0506,1, RM4.11 ,219,6,24,48,4.11
14/2/2023,284.7,7.8,31.2,62.4,MUNCHY'S VEGE CRACKERS 390G,PKS3158,6, RM4.07 ,47.45,1.3,5.2,10.4,24.42
19/5/2023,96.6,0,9.8,28,NABATI RICHOCO 7GX20PCS,PKS1538,1, RM3.40 ,96.6,0,9.8,28,3.40
18/1/2023,96.6,0,9.8,28,NABATI RICHOCO 7GX20PCS,PKS1538,1, RM3.40 ,96.6,0,9.8,28,3.40
23/6/2023,17.8,0,3.8,1.4,NESCAFE LATTE 240ML (TIN),PKS1325,1, RM2.45 ,17.8,0,3.8,1.4,2.45
23/6/2023,120,0,9.5,18,NESCAFE TARIK 240ML (TIN),PKS1824,5, RM2.45 ,24,0,1.9,3.6,12.25
4/7/2023,55,15,5,17.5,NIPS PEANUT&RAISIN CHOC 70G,PKS0879,1, RM2.13 ,55,15,5,17.5,2.13
3/7/2023,1664,0,0,0,NUTRIFRES LYCHEE 1LIT,PKS0016,2, RM8.55 ,832,0,0,0,17.10
3/7/2023,832,0,0,0,NUTRIFRES PINK GUAVA 1LIT,PKS0018,1, RM8.55 ,832,0,0,0,8.55
27/7/2023,832,0,0,0,NUTRIFRES SEA C/NUT LONGAN 1LIT,PKS0377,1, RM8.55 ,832,0,0,0,8.55
2/5/2023,220.35,0,4.52,0,OBH AAA LYCHEE 565G,PKS4484,2, RM3.50 ,110.18,0,2.26,0,7.00
7/3/2023,54,2.7,5.4,16.2,OREO PEANUT BUTTER & CHOC 9X29.4G,PKS3285,1, RM5.25 ,54,2.7,5.4,16.2,5.25
3/6/2023,94.432,4.086,6.356,27.694,OREO SMALL CRUSHED COOKIES PIECES 454G,PKS4961,1, RM9.46 ,94.43,4.09,6.36,27.69,9.46
3/2/2023,188.864,8.172,12.712,55.388,OREO SMALL CRUSHED COOKIES PIECES 454G,PKS4961,2, RM9.46 ,94.43,4.09,6.36,27.69,18.92
9/9/2023,375,6,28.5,90,ORI BIS BERKRIM STRAW 4808 630G,PKS1023,5, RM6.20 ,75,1.2,5.7,18,31.00
21/8/2023,563.64,0,51.24,194.04,ORI BISKUT BERKRIM KOPI PUTIH 420G,PKS1669,2, RM4.96 ,281.82,0,25.62,97.02,9.92
21/8/2023,1690.92,0,153.72,582.12,ORI BISKUT BERKRIM STRAWBERI 420G,PKS1670,6, RM4.96 ,281.82,0,25.62,97.02,29.76
9/9/2023,1127.28,0,102.48,388.08,ORI BISKUT BERKRIM SUSU 3221 560G,PKS0982,3, RM6.41 ,375.76,0,34.16,129.36,19.23
9/9/2023,754.875,0,68.625,259.875,ORI BISKUT SARAPAN CHOCO 4211 375G,PKS0509,3, RM4.96 ,251.63,0,22.88,86.63,14.88
9/9/2023,1180.96,0,107.36,406.56,ORI BISKUT SARAPAN SUSU 3641 440G,PKS0510,4, RM4.90 ,295.24,0,26.84,101.64,19.60
21/8/2023,805.2,0,73.2,277.2,ORI SALTED SAVOURY CRACKER 400G,PKS6119,3, RM4.96 ,268.4,0,24.4,92.4,14.88
21/7/2023,260.4,8.4,29.4,92.4,ORIENTAL ROTA 30PCS,PKS0209,1, RM8.80 ,260.4,8.4,29.4,92.4,8.80
25/8/2023,226.8,0,29.4,105,ORIENTAL SUPER RING 30PCS,PKS0184,1, RM8.80 ,226.8,0,29.4,105,8.80
19/7/2023,226.8,0,29.4,105,ORIENTAL SUPER RING 30PCS,PKS0184,1, RM8.80 ,226.8,0,29.4,105,8.80
16/5/2023,453.6,0,58.8,210,ORIENTAL SUPER RING 30PCS,PKS0184,2, RM8.80 ,226.8,0,29.4,105,17.60
18/7/2023,17.2,1.2,7.2,3.6,ORIGINA DAIRY TAMAR MILK 200ML,PKS5077,1, RM2.70 ,17.2,1.2,7.2,3.6,2.70
22/5/2023,4.2,0,0.6,0,ORIGINA VITAMIN 1000MG ORANGE 200ML,PKS1334,1, RM2.78 ,4.2,0,0.6,0,2.78
19/6/2023,170,0,5,0,PANDA KERUPUK SINGKONG PEDAS 500G,PKS1895,1, RM3.15 ,170,0,5,0,3.15
21/2/2023,325.6,0,9.2,0,PANDA MARSHMALLOW 80PCS,PKS1004,1, RM6.60 ,325.6,0,9.2,0,6.60
13/6/2023,216.2,0,0,0,PANS EGG LOLLIPOP 30PCS,PKS3487,1, RM8.80 ,216.2,0,0,0,8.80
30/3/2023,248,0,8,0,PEACE LYCHEE KING 565G,PKS1293,2, RM6.50 ,124,0,4,0,13.00
7/2/2023,210,0,0,0,PEARL CANDY 30PCS,PKS2604,1, RM8.80 ,210,0,0,0,8.80
9/6/2023,1080,60,270,990,PICK GREEN PEA SNACK 30PCS,PKS0218,1, RM4.60 ,1080,60,270,990,4.60
23/2/2023,0,0,0,1572.48,PLANTA MARGARINE 480G,PKS5927,4, RM10.26 ,0,0,0,393.12,41.04
1/8/2023,597,0,0,3,POACHED EGG SHAPE PUDDING JELLY 30PCS,PKS6275,1, RM9.00 ,597,0,0,3,9.00
1/3/2023,597,0,0,3,POACHED EGG SHAPE PUDDING JELLY 30PCS,PKS6275,1, RM9.00 ,597,0,0,3,9.00
17/7/2023,1027,0,39,0,POWER ROOT 250ML,PKS2916,26, RM2.40 ,39.5,0,1.5,0,62.40
14/4/2023,39.5,0,1.5,0,POWER ROOT 250ML,PKS2916,1, RM53.08 ,39.5,0,1.5,0,53.08
3/7/2023,75.8,3.6,11.6,1.2,PREGO BUDDIES ANIMAL PASTA 200G,PKS6030,2, RM2.28 ,37.9,1.8,5.8,0.6,4.56
3/7/2023,75.8,3.6,11.6,1.2,PREGO BUDDIES OCEAN PASTA 200G,PKS6032,2, RM2.28 ,37.9,1.8,5.8,0.6,4.56
17/7/2023,420,0,96,540,PREGO CHEESE & HERB 300G (TIN),PKS3406,20, RM4.62 ,21,0,4.8,27,92.40
28/8/2023,16.5,0,1.2,7.6,PREGO CHEESY ALFREDO 350G,PKS6029,1, RM7.15 ,16.5,0,1.2,7.6,7.15
3/7/2023,66,0,4.8,30.4,PREGO CHEESY ALFREDO 350G,PKS6029,4, RM6.32 ,16.5,0,1.2,7.6,25.28
17/7/2023,74.4,0,14.4,16.8,PREGO MUSHROOM 300G (TIN),PKS3405,2, RM4.74 ,37.2,0,7.2,8.4,9.48
30/3/2023,57.3,0,5.1,3.6,PREGO TRADISI 350G,PKS4772,1, RM6.32 ,57.3,0,5.1,3.6,6.32
22/8/2023,2600,0,104,0,PRINCESS MARSHMALLOW 30PCS,PKS0087,13, RM8.80 ,200,0,8,0,114.40
13/6/2023,4680,0,0,540,PRINCESS POPPING CANDY 60PCS,PKS0406,6, RM16.40 ,780,0,0,90,98.40
3/7/2023,215.73,0,19.71,0,QEQE SUSHI GUMMY CANDY 30PCS,PKS5671,1, RM7.80 ,215.73,0,19.71,0,7.80
29/4/2023,408,0,288,360,RAFFIE MINI CHICKEN BITES 400G,PKS6116,6, RM8.00 ,68,0,48,60,48.00
21/2/2023,280,0,0,20,RAINBOW SPARY 20PCS,PKS0986,1, RM6.00 ,280,0,0,20,6.00
14/3/2023,560,0,0,40,RAINBOW SPARY 20PCS,PKS0986,2, RM6.00 ,280,0,0,20,12.00
11/7/2023,280,0,0,20,RAINBOW SPARY 20PCS,PKS0986,1, RM6.00 ,280,0,0,20,6.00
1/3/2023,560,0,0,40,RAINBOW SPARY 20PCS,PKS0986,2, RM6.00 ,280,0,0,20,12.00
1/2/2023,280,0,0,20,RAINBOW SPARY 20PCS,PKS0986,1, RM6.00 ,280,0,0,20,6.00
19/5/2023,27.5,0,0,0,REX APPLE DRINK 250ML,PKS6094,1, RM15.84 ,27.5,0,0,0,15.84
9/1/2023,27.5,0,0,0,REX APPLE DRINK 250ML,PKS6094,1, RM0.63 ,27.5,0,0,0,0.63
7/6/2023,27.5,0,0,0,REX APPLE DRINK 250ML,PKS6094,1, RM0.66 ,27.5,0,0,0,0.66
6/5/2023,27.5,0,0,0,REX APPLE DRINK 250ML,PKS6094,1, RM15.84 ,27.5,0,0,0,15.84
21/2/2023,152.15,0,35.7,3.4,REX KACANG PANGGANG 425G,PKS6080,2, RM2.51 ,76.08,0,17.85,1.7,5.02
21/2/2023,106.25,59.5,79.9,6.8,REX KACANG PEA 425G,PKS6081,2, RM2.51 ,53.13,29.75,39.95,3.4,5.02
9/1/2023,28.3,0,0.8,0,REX ORANGE DRINK 250ML,PKS6092,1, RM0.63 ,28.3,0,0.8,0,0.63
7/6/2023,86.7,0,0.3,0,REX REXBERRY DRINK 250ML,PKS6093,3, RM0.66 ,28.9,0,0.1,0,1.98
12/7/2023,62.8,0,6.4,0,RIBENA B'CURRANT PASTILLES 40G,PKS2846,2, RM2.89 ,31.4,0,3.2,0,5.78
23/2/2023,163.2,0,0,7.2,RICO ASSORTED PUDDING 24PCS,PKS0635,1, RM3.32 ,163.2,0,0,7.2,3.32
23/2/2023,163.2,0,0,7.2,RICO ASSORTED PUDDING 24PCS,PKS0635,1, RM3.65 ,163.2,0,0,7.2,3.65
14/2/2023,326.4,0,0,14.4,RICO ASSORTED PUDDING 24PCS,PKS0635,2, RM3.65 ,163.2,0,0,7.2,7.30
10/2/2023,163.2,0,0,7.2,RICO ASSORTED PUDDING 24PCS,PKS0635,1, RM3.32 ,163.2,0,0,7.2,3.32
5/1/2023,163.2,0,0,7.2,RICO ASSORTED PUDDING 24PCS,PKS0635,1, RM3.32 ,163.2,0,0,7.2,3.32
5/1/2023,326.4,0,0,14.4,RICO ASSORTED PUDDING 24PCS,PKS0635,2, RM3.32 ,163.2,0,0,7.2,6.64
3/7/2023,326.4,0,0,14.4,RICO ASSORTED PUDDING 24PCS,PKS0635,2, RM3.65 ,163.2,0,0,7.2,7.30
23/8/2023,168,0,0,12,RICO AUTO-MAN PUDDING 24PCS,PKS1780,1, RM3.65 ,168,0,0,12,3.65
19/4/2023,504,0,0,36,RICO AUTO-MAN PUDDING 24PCS,PKS1780,3, RM3.65 ,168,0,0,12,10.95
14/2/2023,504,0,0,36,RICO AUTO-MAN PUDDING 24PCS,PKS1780,3, RM3.65 ,168,0,0,12,10.95
5/1/2023,336,0,0,24,RICO AUTO-MAN PUDDING 24PCS,PKS1780,2, RM3.32 ,168,0,0,12,6.64
5/1/2023,336,0,0,24,RICO AUTO-MAN PUDDING 24PCS,PKS1780,2, RM3.32 ,168,0,0,12,6.64
3/7/2023,168,0,0,12,RICO AUTO-MAN PUDDING 24PCS,PKS1780,1, RM3.65 ,168,0,0,12,3.65
23/8/2023,675,0,3,27,RICO GRAPE PUDDING 24PCS,PKS0638,1, RM3.65 ,675,0,3,27,3.65
23/2/2023,675,0,3,27,RICO GRAPE PUDDING 24PCS,PKS0638,1, RM3.65 ,675,0,3,27,3.65
19/4/2023,675,0,3,27,RICO GRAPE PUDDING 24PCS,PKS0638,1, RM3.65 ,675,0,3,27,3.65
5/1/2023,1350,0,6,54,RICO GRAPE PUDDING 24PCS,PKS0638,2, RM3.32 ,675,0,3,27,6.64
23/8/2023,6400,0,0,0,RICO JELLY CUP 100PCS,PKS0108,8, RM5.43 ,800,0,0,0,43.44
23/2/2023,800,0,0,0,RICO JELLY CUP 100PCS,PKS0108,1, RM4.85 ,800,0,0,0,4.85
23/2/2023,1600,0,0,0,RICO JELLY CUP 100PCS,PKS0108,2, RM4.85 ,800,0,0,0,9.70
19/4/2023,8000,0,0,0,RICO JELLY CUP 100PCS,PKS0108,10, RM5.43 ,800,0,0,0,54.30
18/7/2023,1600,0,0,0,RICO JELLY CUP 100PCS,PKS0108,2, RM5.43 ,800,0,0,0,10.86
18/5/2023,800,0,0,0,RICO JELLY CUP 100PCS,PKS0108,1, RM5.43 ,800,0,0,0,5.43
14/2/2023,800,0,0,0,RICO JELLY CUP 100PCS,PKS0108,1, RM4.85 ,800,0,0,0,4.85
13/6/2023,800,0,0,0,RICO JELLY CUP 100PCS,PKS0108,1, RM5.43 ,800,0,0,0,5.43
12/5/2023,1600,0,0,0,RICO JELLY CUP 100PCS,PKS0108,2, RM5.43 ,800,0,0,0,10.86
9/3/2023,1600,0,0,0,RICO JELLY CUP 100PCS,PKS0108,2, RM4.85 ,800,0,0,0,9.70
5/1/2023,4800,0,0,0,RICO JELLY CUP 100PCS,PKS0108,6, RM4.85 ,800,0,0,0,29.10
5/1/2023,800,0,0,0,RICO JELLY CUP 100PCS,PKS0108,1, RM4.85 ,800,0,0,0,4.85
3/7/2023,2400,0,0,0,RICO JELLY CUP 100PCS,PKS0108,3, RM5.43 ,800,0,0,0,16.29
9/6/2023,36,0,0,0,RICO JELLY DRINK 6PCSX75GM,PKS0656,1, RM1.87 ,36,0,0,0,1.87
5/1/2023,60,0,0,0,RICO LONG JELLY 10PCS,PKS0651,2, RM1.98 ,30,0,0,0,3.96
23/8/2023,217.6,0,0,9.6,RICO LYCHEE PUDDING 24PCS,PKS0637,1, RM3.65 ,217.6,0,0,9.6,3.65
14/2/2023,1305.6,0,0,57.6,RICO LYCHEE PUDDING 24PCS,PKS0637,6, RM3.65 ,217.6,0,0,9.6,21.90
10/2/2023,2176,0,0,96,RICO LYCHEE PUDDING 24PCS,PKS0637,10, RM4.02 ,217.6,0,0,9.6,40.20
18/5/2023,435.2,0,0,19.2,RICO MANGO PUDDING 24PCS,PKS0636,2, RM3.65 ,217.6,0,0,9.6,7.30
14/2/2023,217.6,0,0,9.6,RICO MANGO PUDDING 24PCS,PKS0636,1, RM3.65 ,217.6,0,0,9.6,3.65
9/6/2023,217.6,0,0,9.6,RICO MANGO PUDDING 24PCS,PKS0636,1, RM3.65 ,217.6,0,0,9.6,3.65
3/7/2023,435.2,0,0,19.2,RICO MANGO PUDDING 24PCS,PKS0636,2, RM3.65 ,217.6,0,0,9.6,7.30
23/2/2023,75,0,0,12.5,RICO MIX FRUIT JELLY 250G,PKS0640,1, RM0.83 ,75,0,0,12.5,0.83
18/5/2023,75,0,0,12.5,RICO MIX FRUIT JELLY 250G,PKS0640,1, RM0.83 ,75,0,0,12.5,0.83
12/5/2023,75,0,0,12.5,RICO MIX FRUIT JELLY 250G,PKS0640,1, RM0.83 ,75,0,0,12.5,0.83
9/6/2023,75,0,0,12.5,RICO MIX FRUIT JELLY 250G,PKS0640,1, RM0.83 ,75,0,0,12.5,0.83
5/1/2023,150,0,0,25,RICO MIX FRUIT JELLY 250G,PKS0640,2, RM0.83 ,75,0,0,12.5,1.66
18/5/2023,240,0,0,0,RICO NATA DE COCO GRAPE 1500G,PKS6422,1, RM4.90 ,240,0,0,0,4.90
13/6/2023,240,0,0,0,RICO NATA DE COCO LYCHEE 1500G,PKS6423,1, RM4.90 ,240,0,0,0,4.90
23/8/2023,217.6,0,0,9.6,RICO ORANGE PUDDING 24PCS,PKS0107,1, RM3.65 ,217.6,0,0,9.6,3.65
23/2/2023,217.6,0,0,9.6,RICO ORANGE PUDDING 24PCS,PKS0107,1, RM3.65 ,217.6,0,0,9.6,3.65
18/5/2023,217.6,0,0,9.6,RICO ORANGE PUDDING 24PCS,PKS0107,1, RM3.65 ,217.6,0,0,9.6,3.65
14/2/2023,217.6,0,0,9.6,RICO PINEAPPLE PUDDING 24PCS,PKS0633,1, RM3.65 ,217.6,0,0,9.6,3.65
12/5/2023,217.6,0,0,9.6,RICO PINEAPPLE PUDDING 24PCS,PKS0633,1, RM3.65 ,217.6,0,0,9.6,3.65
10/2/2023,2176,0,0,96,RICO PINEAPPLE PUDDING 24PCS,PKS0633,10, RM4.02 ,217.6,0,0,9.6,40.20
9/3/2023,1088,0,0,48,RICO PINEAPPLE PUDDING 24PCS,PKS0633,5, RM3.65 ,217.6,0,0,9.6,18.25
23/2/2023,800,0,0,0,RICO PUDDING CUP 100PCS,PKS0280,1, RM5.47 ,800,0,0,0,5.47
18/7/2023,800,0,0,0,RICO PUDDING CUP 100PCS,PKS0280,1, RM5.47 ,800,0,0,0,5.47
9/6/2023,800,0,0,0,RICO PUDDING CUP 100PCS,PKS0280,1, RM5.47 ,800,0,0,0,5.47
5/1/2023,800,0,0,0,RICO PUDDING CUP 100PCS,PKS0280,1, RM5.47 ,800,0,0,0,5.47
3/7/2023,800,0,0,0,RICO PUDDING CUP 100PCS,PKS0280,1, RM5.47 ,800,0,0,0,5.47
9/6/2023,36,0,0,0,RICO PUDDING CUP 6PCSX75GM,PKS0655,1, RM1.87 ,36,0,0,0,1.87
5/1/2023,168,0,0,12,RICO PUDDING POPPEN 24PCS,PKS5106,1, RM4.00 ,168,0,0,12,4.00
3/7/2023,336,0,0,24,RICO PUDDING POPPEN 24PCS,PKS5106,2, RM4.03 ,168,0,0,12,8.06
18/5/2023,217.6,0,0,9.6,RICO STRAW PUDDING 24PCS,PKS0634,1, RM3.65 ,217.6,0,0,9.6,3.65
5/1/2023,870.4,0,0,38.4,RICO STRAW PUDDING 24PCS,PKS0634,4, RM3.32 ,217.6,0,0,9.6,13.28
3/7/2023,217.6,0,0,9.6,RICO STRAW PUDDING 24PCS,PKS0634,1, RM3.65 ,217.6,0,0,9.6,3.65
23/2/2023,648,0,0,0,RICO UMBRELLA PUDDING 24PCS,PKS4899,3, RM4.00 ,216,0,0,0,12.00
23/2/2023,432,0,0,0,RICO UMBRELLA PUDDING 24PCS,PKS4899,2, RM4.00 ,216,0,0,0,8.00
19/4/2023,648,0,0,0,RICO UMBRELLA PUDDING 24PCS,PKS4899,3, RM4.00 ,216,0,0,0,12.00
18/5/2023,216,0,0,0,RICO UMBRELLA PUDDING 24PCS,PKS4899,1, RM4.00 ,216,0,0,0,4.00
14/2/2023,216,0,0,0,RICO UMBRELLA PUDDING 24PCS,PKS4899,1, RM4.00 ,216,0,0,0,4.00
5/1/2023,648,0,0,0,RICO UMBRELLA PUDDING 24PCS,PKS4899,3, RM4.00 ,216,0,0,0,12.00
3/7/2023,648,0,0,0,RICO UMBRELLA PUDDING 24PCS,PKS4899,3, RM4.03 ,216,0,0,0,12.09
16/8/2023,9000,0,0,90,RINDU ICE POP 90PCS,PKS1778,10, RM11.00 ,900,0,0,9,110.00
2/5/2023,888,42,84,460.2,ROUNDIES CHOCO 250G,PKS0952,6, RM4.73 ,148,7,14,76.7,28.38
16/3/2023,750,0,150,0,SAJI SOS CILI 500G,PKS5792,10, RM3.68 ,75,0,15,0,36.80
16/3/2023,846,0,30,0,SAJI SOS TOMATO 485G,PKS5791,6, RM3.68 ,141,0,5,0,22.08
10/2/2023,0,0,0,0,SAJIKU GARAM HALUS 1KG,PKS2884,1, RM1.00 ,0,0,0,0,1.00
24/5/2023,474.4,0,35.2,12.8,SAJIKU KUAH ROJAK ASLI 200G,PKS2878,4, RM2.50 ,118.6,0,8.8,3.2,10.00
10/2/2023,118.6,0,8.8,3.2,SAJIKU KUAH ROJAK ASLI 200G,PKS2878,1, RM2.50 ,118.6,0,8.8,3.2,2.50
10/3/2023,355.8,0,26.4,9.6,SAJIKU KUAH ROJAK ASLI 300G,PKS1642,3, RM4.10 ,118.6,0,8.8,3.2,12.30
10/2/2023,118.6,0,8.8,3.2,SAJIKU KUAH ROJAK ASLI 300G,PKS1642,1, RM3.40 ,118.6,0,8.8,3.2,3.40
9/9/2023,990,41.8,165,27.5,SAN REMO MACARONI 500G,PKS0712,11, RM4.20 ,90,3.8,15,2.5,46.20
23/2/2023,90,3.8,15,2.5,SAN REMO SPAGHETTI 500G,PKS0709,1, RM4.42 ,90,3.8,15,2.5,4.42
27/7/2023,83.2,0,3.2,0,SANWA RAINBOW SOUR BELT 40PCS,PKS6206,1, RM7.40 ,83.2,0,3.2,0,7.40
13/2/2023,411.36,9.6,24,14.88,SAYANGKU WAFER ROLL CHOCO 500G,PKS0893,1, RM6.38 ,411.36,9.6,24,14.88,6.38
18/3/2023,1645.44,38.4,96,59.52,SAYANGKU WAFER ROLL MIX 1000G,PKS0895,4, RM6.38 ,411.36,9.6,24,14.88,25.52
18/3/2023,1645.44,38.4,96,59.52,SAYANGKU WAFER ROLL MIX 1000G,PKS0895,4, RM6.38 ,411.36,9.6,24,14.88,25.52
18/3/2023,1028.4,24,60,37.2,SAYANGKU WAFER ROLL STRAW 750G,PKS0894,1, RM12.67 ,1028.4,24,60,37.2,12.67
20/3/2023,720,0,10,230,SCH JEJARI UBI KAYU MASIN 1KG,PKS4097,1, RM8.50 ,720,0,10,230,8.50
6/2/2023,374.4,0,5.2,119.6,SCH JEJARI UBI KAYU PEDAS 520G,PKS0293,1, RM4.46 ,374.4,0,5.2,119.6,4.46
19/6/2023,60,0,20,120,SCH KACANG BALI 200G,PKS0067,1, RM2.78 ,60,0,20,120,2.78
19/5/2023,210,0,70,420,SCH KACANG BALI 700G,PKS0058,1, RM8.51 ,210,0,70,420,8.51
19/5/2023,371,0,126,161,SCH KACANG IKAN 700G,PKS0057,1, RM7.56 ,371,0,126,161,7.56
19/5/2023,106,0,36,46,SCH KACANG KOKO 200G,PKS0079,1, RM2.47 ,106,0,36,46,2.47
27/7/2023,106,0,36,46,SCH KACANG MASIN 200G,PKS0064,1, RM2.78 ,106,0,36,46,2.78
19/5/2023,231,0,161,287,SCH KACANG SANTONG 700G,PKS0052,1, RM10.29 ,231,0,161,287,10.29
3/6/2023,231,0,161,287,SCH KACANG SANTONG 700G,PKS0052,1, RM10.29 ,231,0,161,287,10.29
18/1/2023,132,0,92,164,SCH KACANG SANTONG KARI 200G,PKS2070,2, RM3.73 ,66,0,46,82,7.46
19/5/2023,66,0,46,82,SCH KACANG SANTONG KARI 700G,PKS1206,1, RM10.61 ,66,0,46,82,10.61
19/5/2023,294,0,145.6,225.4,SCH KACANG SEPAT ISI 700G,PKS0047,1, RM7.56 ,294,0,145.6,225.4,7.56
19/5/2023,294,0,145.6,225.4,SCH KACANG SEPAT KULIT 700G,PKS0063,1, RM7.56 ,294,0,145.6,225.4,7.56
3/7/2023,422.1,0,94.5,141.4,SCH KACANG SOYA 700G,PKS0062,1, RM8.51 ,422.1,0,94.5,141.4,8.51
19/5/2023,120.6,0,27,40.4,SCH KACANG SOYA KARI 200G,PKS0065,1, RM2.47 ,120.6,0,27,40.4,2.47
3/6/2023,120.6,0,27,40.4,SCH KACANG SOYA KARI 200G,PKS0065,1, RM2.47 ,120.6,0,27,40.4,2.47
19/5/2023,422.1,0,94.5,141.4,SCH KACANG SOYA KARI 700G,PKS0050,1, RM8.51 ,422.1,0,94.5,141.4,8.51
19/5/2023,1000,140,260,620,SCH MURUKU MEE 1KG,PKS0106,2, RM8.20 ,500,70,130,310,16.40
3/6/2023,1500,210,390,930,SCH MURUKU MEE 1KG,PKS0106,3, RM8.20 ,500,70,130,310,24.60
24/8/2023,104.25,0,32.75,50.75,SCH MURUKU MIXER 250G,PKS1084,1, RM2.50 ,104.25,0,32.75,50.75,2.50
3/7/2023,104.25,0,32.75,50.75,SCH MURUKU SIVEL 250G,PKS6054,1, RM2.70 ,104.25,0,32.75,50.75,2.70
3/6/2023,104.25,0,32.75,50.75,SCH MURUKU SIVEL 250G,PKS6054,1, RM2.70 ,104.25,0,32.75,50.75,2.70
18/1/2023,432,0,6,126,SCH UBI KEPING MASIN 600G,PKS0043,1, RM5.45 ,432,0,6,126,5.45
6/2/2023,432,0,6,126,SCH UBI KEPING MASIN 600G,PKS0043,1, RM5.45 ,432,0,6,126,5.45
19/5/2023,432,0,6,126,SCH UBI KEPING PEDAS 600G,PKS0044,1, RM5.55 ,432,0,6,126,5.55
24/2/2023,9750,0,0,4000,SCH UBI SAMBAL 300G,PKS0033,50, RM4.60 ,195,0,0,80,230.00
19/5/2023,195,0,0,80,SCH UBI SAMBAL 300G,PKS0033,1, RM4.60 ,195,0,0,80,4.60
3/6/2023,195,0,0,80,SCH UBI SAMBAL 300G,PKS0033,1, RM4.60 ,195,0,0,80,4.60
20/3/2023,1170,0,0,480,SCH UBI SAMBAL 600G,PKS0034,6, RM8.00 ,195,0,0,80,48.00
2/5/2023,33,0,30,45,SEA SNACK CRISPY BBQ 120GSEA SNACK CRISPY BBQ 120G,PKS3253,1, RM2.60 ,33,0,30,45,2.60
23/2/2023,1540,55.6,220,20,SELVA ELBOW DIRSEK 500G,PKS5610,4, RM3.25 ,385,13.9,55,5,13.00
23/2/2023,11165,403.1,1595,145,SELVA SPAGHETTI KLASIK 500G,PKS4911,29, RM3.25 ,385,13.9,55,5,94.25
27/2/2023,0,0,0,830,SERI PELANGI MARJERIN 1KG,PKS0350,1, RM8.00 ,0,0,0,830,8.00
19/7/2023,564,0,57,246,SNEKKU SHOYUEMI ORI 30PCS,PKS1250,1, RM9.20 ,564,0,57,246,9.20
28/6/2023,510,30,90,270,SNEK-KU TAM TAM 30PCS,PKS0111,1, RM9.20 ,510,30,90,270,9.20
29/3/2023,660.45,51,25.5,10.2,SOHO BREAD CRUMB (ORANGE) 850G+-,PKS5306,1, RM6.90 ,660.45,51,25.5,10.2,6.90
28/7/2023,1981.35,153,76.5,30.6,SOHO BREAD CRUMB (ORANGE) 850G+-,PKS5306,3, RM6.90 ,660.45,51,25.5,10.2,20.70
7/9/2023,2937.06,226.8,113.4,45.36,SOHO BREAD CRUMB (WHITE) 270G,PKS5614,14, RM3.30 ,209.79,16.2,8.1,3.24,46.20
28/7/2023,6604.5,510,255,102,SOHO BREAD CRUMB (WHITE) 850G+-,PKS5615,10, RM6.90 ,660.45,51,25.5,10.2,69.00
29/3/2023,51.9,0,19.2,9.8,SOHO NACHO CHEESE POWDER ORIGINAL 100G,PKS5316,1, RM5.60 ,51.9,0,19.2,9.8,5.60
28/7/2023,103.8,0,38.4,19.6,SOHO NACHO CHEESE POWDER ORIGINAL 100G,PKS5316,2, RM5.60 ,51.9,0,19.2,9.8,11.20
29/3/2023,467.1,0,172.8,88.2,SOHO NACHO CHEESE POWDER ORIGINAL 300G,PKS5315,3, RM14.30 ,155.7,0,57.6,29.4,42.90
28/7/2023,19.65,11.25,223.7,185.95,SOHO ROMANO CHEESE POWDER HOT&SPICY 100G,PKS5314,5, RM5.60 ,3.93,2.25,44.74,37.19,28.00
29/3/2023,94.32,54,1073.76,892.56,SOHO ROMANO CHEESE POWDER HOT&SPICY 300G,PKS5313,8, RM14.30 ,11.79,6.75,134.22,111.57,114.40
8/8/2023,9600,0,0,192,SOUR COOL CHEWY STICK 30PCS,PKS6272,40, RM8.80 ,240,0,0,4.8,352.00
20/2/2023,35.75,0,0,0,SPRITZER SO TINGE TEMBIKAI 325ML,PKS5011,5, RM1.07 ,7.15,0,0,0,5.35
20/2/2023,46,0,0,0,SPRITZER SPARKLING 325ML,PKS5609,1, RM0.75 ,46,0,0,0,0.75
21/7/2023,4784,0,4.8,0,SQUID GAME MARSHMALLOW 80PCS,PKS3051,20, RM6.60 ,239.2,0,0.24,0,132.00
21/2/2023,486.45,0,0,0,SQUID GAME OF SUGAR CANDY 30PCS,PKS1439,1, RM8.80 ,486.45,0,0,0,8.80
11/7/2023,486.45,0,0,0,SQUID GAME OF SUGAR CANDY 30PCS,PKS1439,1, RM8.80 ,486.45,0,0,0,8.80
1/6/2023,1358.72,0,119.68,0,SQUID GAME SOFT CANDY 40PCS,PKS3367,4, RM12.00 ,339.68,0,29.92,0,48.00
21/2/2023,10701.9,0,0,0,SQUID LIGHT LOLLIPOP 30PCS,PKS4023,22, RM8.80 ,486.45,0,0,0,193.60
10/2/2023,0,0,48,16,SRI MELATI SARDINE 400G,PKS4850,1, RM3.46 ,0,0,48,16,3.46
22/2/2023,4806,0,120,24,SSYP BAI MU GUA SI 2KG,PKS4078,3, RM22.50 ,1602,0,40,8,67.50
13/1/2023,1602,0,40,8,SSYP BING XUE MEI 2KG,PKS0578,1, RM31.50 ,1602,0,40,8,31.50
22/6/2023,1602,0,40,8,SSYP HEI PU TAO LI 2KG,PKS4074,1, RM18.90 ,1602,0,40,8,18.90
7/7/2023,1602,0,40,8,SSYP HONG MEI LI 2KG,PKS4076,1, RM24.35 ,1602,0,40,8,24.35
22/6/2023,8010,0,200,40,SSYP HONG MEI LI 500G,PKS5668,5, RM6.45 ,1602,0,40,8,32.25
10/8/2023,3204,0,80,16,SSYP HUA HE WU YING ZHI 2KG,PKS4075,2, RM32.00 ,1602,0,40,8,64.00
22/2/2023,4806,0,120,24,SSYP JIU ZHI CHENG TIAO 2KG,PKS2632,3, RM26.70 ,1602,0,40,8,80.10
8/9/2023,17622,0,440,88,SSYP JIU ZHI CHENG TIAO 2KG,PKS2632,11, RM26.70 ,1602,0,40,8,293.70
22/6/2023,48060,0,1200,240,SSYP MEI GUI MEI TIAO 500G,PKS5670,30, RM7.40 ,1602,0,40,8,222.00
19/4/2023,1602,0,40,8,SSYP XIANG XI MEI TIAO 2KG,PKS4400,1, RM29.50 ,1602,0,40,8,29.50
7/7/2023,1602,0,40,8,SSYP XIANG XI MEI TIAO 2KG,PKS4400,1, RM29.50 ,1602,0,40,8,29.50
20/6/2023,900,0,0,0,STRAWBERRY LOLLIPOP 30PCS,PKS0912,2, RM8.80 ,450,0,0,0,17.60
10/1/2023,90.36,0,0,0,SUCKING C PACIFIER CANDY 30PCS,PKS6188,1, RM8.80 ,90.36,0,0,0,8.80
24/2/2023,89.952,0,0,0,SUGALOVA TASTY LOLLIPOPS 40PCS,PKS1208,1, RM6.45 ,89.95,0,0,0,6.45
20/3/2023,1134,0,163.8,688.8,SUKAS BBQ TUBE 300G,PKS0037,7, RM4.90 ,162,0,23.4,98.4,34.30
18/1/2023,1620,0,234,984,SUKAS BBQ TUBE 300G,PKS0037,10, RM4.90 ,162,0,23.4,98.4,49.00
3/6/2023,381,0,178,13,SUKAS CHEESE FRIES 1KG,PKS4729,1, RM13.00 ,381,0,178,13,13.00
24/8/2023,1918,0,871.5,47.25,SUKAS K/DHALL 250G,PKS0035,14, RM4.90 ,137,0,62.25,3.38,68.60
10/8/2023,137,0,62.25,3.375,SUKAS K/DHALL 250G,PKS0035,1, RM4.90 ,137,0,62.25,3.38,4.90
9/9/2023,4110,0,1867.5,101.25,SUKAS K/DHALL 250G,PKS0035,30, RM4.90 ,137,0,62.25,3.38,147.00
3/6/2023,137,0,62.25,3.375,SUKAS K/DHALL 250G,PKS0035,1, RM4.90 ,137,0,62.25,3.38,4.90
19/5/2023,1808.4,0,821.7,44.55,SUKAS KARI CHIPS 550G,PKS0287,6, RM9.20 ,301.4,0,136.95,7.43,55.20
24/8/2023,666,0,99,38.7,SUKAS POP CORN 900G,PKS1625,1, RM11.20 ,666,0,99,38.7,11.20
3/7/2023,666,0,99,38.7,SUKAS POP CORN 900G,PKS1625,1, RM11.20 ,666,0,99,38.7,11.20
3/6/2023,666,0,99,38.7,SUKAS POP CORN 900G,PKS1625,1, RM11.20 ,666,0,99,38.7,11.20
18/4/2023,93,0,0,0,SUMMER FRESH COLA 10PCS,PKS0283,1, RM3.13 ,93,0,0,0,3.13
8/8/2023,93,0,0,0,SUMMER FRESH COLA 10PCS,PKS0283,1, RM3.13 ,93,0,0,0,3.13
7/2/2023,93,0,0,0,SUMMER FRESH COLA 10PCS,PKS0283,1, RM3.13 ,93,0,0,0,3.13
18/7/2023,93,0,0,0,SUMMER FRESH COLA BLUE 10PCS,PKS0356,1, RM3.13 ,93,0,0,0,3.13
17/5/2023,186,0,0,0,SUMMER FRESH COLA BLUE 10PCS,PKS0356,2, RM3.13 ,93,0,0,0,6.26
8/8/2023,93,0,0,0,SUMMER FRESH COLA BLUE 10PCS,PKS0356,1, RM3.13 ,93,0,0,0,3.13
7/2/2023,372,0,0,0,SUMMER FRESH COLA BLUE 10PCS,PKS0356,4, RM3.13 ,93,0,0,0,12.52
18/7/2023,93,0,0,0,SUMMER FRESH LIBINA 10PCS,PKS0284,1, RM3.13 ,93,0,0,0,3.13
17/5/2023,93,0,0,0,SUMMER FRESH LIBINA 10PCS,PKS0284,1, RM3.13 ,93,0,0,0,3.13
18/4/2023,93,0,0,0,SUMMER FRESH LYCHEE 10PCS,PKS0355,1, RM3.13 ,93,0,0,0,3.13
7/2/2023,186,0,0,0,SUMMER FRESH ORANGE 10PCS,PKS3397,2, RM3.13 ,93,0,0,0,6.26
18/4/2023,279,0,0,0,SUMMER FRESH SARSI 10PCS,PKS0282,3, RM3.13 ,93,0,0,0,9.39
17/5/2023,93,0,0,0,SUMMER FRESH SARSI 10PCS,PKS0282,1, RM3.13 ,93,0,0,0,3.13
7/2/2023,93,0,0,0,SUMMER FRESH SARSI 10PCS,PKS0282,1, RM3.13 ,93,0,0,0,3.13
7/2/2023,55.8,0,0,0,SUMMER FRESH S'BERRY I/CREAM POP 6PCS,PKS0257,1, RM1.80 ,55.8,0,0,0,1.80
17/5/2023,93,0,0,0,SUMMER FRESH STRAW 10PCS,PKS0281,1, RM3.13 ,93,0,0,0,3.13
7/2/2023,93,0,0,0,SUMMER FRESH STRAW 10PCS,PKS0281,1, RM3.13 ,93,0,0,0,3.13
18/4/2023,186,0,0,0,SUMMER FRESH YES! I/C POP B'CURRANT 5PCS,PKS0285,4, RM1.90 ,46.5,0,0,0,7.60
7/6/2023,46.5,0,0,0,SUMMER FRESH YES! I/C POP B'CURRANT 5PCS,PKS0285,1, RM1.90 ,46.5,0,0,0,1.90
8/8/2023,46.5,0,0,0,SUMMER FRESH YES! I/C POP STRAWBERRY 5PCS,PKS0357,1, RM1.90 ,46.5,0,0,0,1.90
18/4/2023,93,0,0,0,SUMMER FRESH YES! I/C POP TROPICANA 5PCS,PKS0354,2, RM1.90 ,46.5,0,0,0,3.80
8/8/2023,232.5,0,0,0,SUMMER FRESH YES! I/C POP TROPICANA 5PCS,PKS0354,5, RM1.90 ,46.5,0,0,0,9.50
18/7/2023,60,0,0,0,SUNQUICK EPAL 125ML,PKS0713,4, RM15.00 ,15,0,0,0,60.00
16/1/2023,125.4,0,1.32,0,SUNQUICK MANDARIN 330ML,PKS0766,1, RM2.75 ,125.4,0,1.32,0,2.75
6/2/2023,376.2,0,3.96,0,SUNQUICK MANDARIN 330ML,PKS0766,3, RM2.75 ,125.4,0,1.32,0,8.25
8/9/2023,61.6,0,0,0,SUNQUICK MIXED MANGO 800ML,PKS0763,1, RM6.40 ,61.6,0,0,0,6.40
16/1/2023,25,0,0.3,0.3,SUNQUICK TROPICAL 330ML,PKS0769,1, RM2.75 ,25,0,0.3,0.3,2.75
21/7/2023,35,0,0,0,SUPER KONJAC JELLY 40PCS,PKS6109,1, RM12.00 ,35,0,0,0,12.00
21/2/2023,70,0,0,0,SUPER KONJAC JELLY 40PCS,PKS6109,2, RM12.00 ,35,0,0,0,24.00
21/2/2023,35,0,0,0,SUPER KONJAC JELLY 40PCS,PKS6109,1, RM12.00 ,35,0,0,0,12.00
20/6/2023,35,0,0,0,SUPER KONJAC JELLY 40PCS,PKS6109,1, RM12.00 ,35,0,0,0,12.00
16/5/2023,35,0,0,0,SUPER KONJAC JELLY 40PCS,PKS6109,1, RM12.00 ,35,0,0,0,12.00
8/8/2023,140,0,0,0,SUPER KONJAC JELLY 40PCS,PKS6109,4, RM12.00 ,35,0,0,0,48.00
7/2/2023,35,0,0,0,SUPER KONJAC JELLY 40PCS,PKS6109,1, RM12.00 ,35,0,0,0,12.00
5/9/2023,35,0,0,0,SUPER KONJAC JELLY 40PCS,PKS6109,1, RM12.00 ,35,0,0,0,12.00
24/8/2023,139.392,0,24.192,112.32,TA GE BOWL PP 32 100PCS+-,PKS3751,1, RM10.70 ,139.39,0,24.19,112.32,10.70
16/8/2023,2787.84,0,483.84,2246.4,TC MURUKU IKAN PEDAS 24PCS,PKS0110,20, RM4.40 ,139.39,0,24.19,112.32,88.00
16/8/2023,20000,0,0,0,TC MURUKU IKAN SOTONG 24PCS,PKS5638,20, RM4.40 ,1000,0,0,0,88.00
9/9/2023,299,0,8.5,53,TCC GULA CASTER 1KG,PKS0694,1, RM5.20 ,299,0,8.5,53,5.20
15/6/2023,960,0,40,0,TEAPOT EXTRA KRIMER MANIS 500G,PKS4394,4, RM2.97 ,240,0,10,0,11.88
28/8/2023,8.5,3.8,11.6,25.2,TEN2 MARSHMALLOWS FLOWER VANIILA 1KG,PKS1184,1, RM23.60 ,8.5,3.8,11.6,25.2,23.60
8/5/2023,240,0,10,0,TEN2 MARSHMALLOWS FLOWER VANIILA 1KG,PKS1184,1, RM22.80 ,240,0,10,0,22.80
24/7/2023,170,76,232,504,THUMBS C/PEANUT GARLIC 55G,PKS2061,20, RM1.76 ,8.5,3.8,11.6,25.2,35.20
24/7/2023,153,68.4,208.8,453.6,THUMBS C/PEANUT SEAWEED 55G,PKS2060,18, RM1.76 ,8.5,3.8,11.6,25.2,31.68
24/7/2023,161.5,72.2,220.4,478.8,THUMBS C/PEANUT TERIYAKI 55G,PKS2059,19, RM1.76 ,8.5,3.8,11.6,25.2,33.44
7/3/2023,108,0,9,28.5,TIGER BISKUAT SUSU 75G,PKS1267,2, RM0.97 ,54,0,4.5,14.25,1.94
3/6/2023,54,0,4.5,14.25,TIGER BISKUAT SUSU 75G,PKS1267,1, RM0.97 ,54,0,4.5,14.25,0.97
3/2/2023,54,0,4.5,14.25,TIGER BISKUAT SUSU 75G,PKS1267,1, RM0.97 ,54,0,4.5,14.25,0.97
16/5/2023,1281,0,102,387,TOKI TOMATO CORN STICK 30PCS,PKS0213,1, RM7.30 ,1281,0,102,387,7.30
1/9/2023,2562,0,204,774,TOKI TOMATO CORN STICK 30PCS,PKS0213,2, RM7.30 ,1281,0,102,387,14.60
13/2/2023,1281,0,102,387,TOKI TOMATO CORN STICK 60G,PKS0183,1, RM1.02 ,1281,0,102,387,1.02
13/6/2023,4410,0,420,0,TONGUE GUMMY 30PCS,PKS4768,7, RM8.80 ,630,0,60,0,61.60
13/6/2023,946.8,0,897.6,0,TREMBLING KING HAMBURGER 20PCS,PKS3478,3, RM20.00 ,315.6,0,299.2,0,60.00
21/2/2023,385.44,0,0,0,TUMBLER CANDY 30PCS,PKS6173,2, RM8.80 ,192.72,0,0,0,17.60
21/6/2023,907.2,0,90.72,387.36,TWISTIES BBQ 24PCS,PKS1120,1, RM7.50 ,907.2,0,90.72,387.36,7.50
16/5/2023,907.2,0,90.72,387.36,TWISTIES BBQ 24PCS,PKS1120,1, RM7.50 ,907.2,0,90.72,387.36,7.50
21/6/2023,63,0,6.3,26.9,TWISTIES BBQ 65G,PKS1195,1, RM1.50 ,63,0,6.3,26.9,1.50
21/6/2023,69.6,0,7.2,37.6,TWISTIES BIG CHEESE 65G,PKS1404,2, RM1.50 ,34.8,0,3.6,18.8,3.00
16/5/2023,34.8,0,3.6,18.8,TWISTIES BIG CHEESE 65G,PKS1404,1, RM1.50 ,34.8,0,3.6,18.8,1.50
11/8/2023,6681.6,0,691.2,3609.6,TWISTIES CHEESE 24PCS,PKS0197,16, RM7.50 ,417.6,0,43.2,225.6,120.00
4/7/2023,120,0,0,0,TYD BUBBLE GUM ROLL 24PCS,PKS2379,1, RM7.04 ,120,0,0,0,7.04
10/1/2023,3360,0,0,0,ULTRAMAN BURST BUBBLE GUM 60PCS,PKS3897,2, RM17.60 ,1680,0,0,0,35.20
13/6/2023,880,0,0,0,UNICORNS LOLLIPOP LIGHT STICK 30PCS,PKS4403,1, RM8.80 ,880,0,0,0,8.80
11/7/2023,972,0,81,256.5,UPIN GUMMY 15G,PKS6501,90, RM0.30 ,10.8,0,0.9,2.85,27.00
16/1/2023,180,136,94,84,VAN HOUTEN COCOA POWDER 100G,PKS4758,4, RM7.14 ,45,34,23.5,21,28.56
23/2/2023,13.5,4.5,12,22.5,VF MIX 150G,PKS5953,1, RM5.30 ,13.5,4.5,12,22.5,5.30
16/5/2023,32.4,0,2.7,8.55,VF ORI 100G,PKS5952,1, RM7.14 ,32.4,0,2.7,8.55,7.14
27/7/2023,3428,80,200,124,VFOODS BIS ICE GEM 4KG,PKS4644,1, RM44.00 ,3428,80,200,124,44.00
24/8/2023,4285,100,250,155,VFOODS LATTE ROLLED FANCY STICK 5KG,PKS5583,1, RM52.50 ,4285,100,250,155,52.50
23/2/2023,1474.04,34.4,86,53.32,VFOODS MINI TIN CHOCO BEAR 430G,PKS0326,4, RM8.50 ,368.51,8.6,21.5,13.33,34.00
23/2/2023,2211.06,51.6,129,79.98,VFOODS MINI TIN COOKIES WHITE CREAM 430G,PKS0532,6, RM9.80 ,368.51,8.6,21.5,13.33,58.80
23/2/2023,2211.06,51.6,129,79.98,VFOODS MINI TIN DURIAN CREAM COOKIES 430G,PKS4278,6, RM9.63 ,368.51,8.6,21.5,13.33,57.78
14/9/2023,368.51,8.6,21.5,13.33,VFOODS MINI TIN MINI GOLDEN P'APPLE 430G,PKS5875,1, RM8.50 ,368.51,8.6,21.5,13.33,8.50
23/2/2023,737.02,17.2,43,26.66,VFOODS MINI TIN SEASONING CHICKEN STICKS 430G,PKS4277,2, RM9.00 ,368.51,8.6,21.5,13.33,18.00
23/2/2023,368.51,8.6,21.5,13.33,VFOODS MINI TIN V-O BLACK CHOC 430G,PKS5873,1, RM9.00 ,368.51,8.6,21.5,13.33,9.00
24/8/2023,1028.4,24,60,37.2,VFOODS SMALL TIN ICE GEM BISC 1.2KG,PKS6231,1, RM14.70 ,1028.4,24,60,37.2,14.70
20/6/2023,353.1,0,99,62.7,VITAMILK D/CHOCO SHAKE 300ML,PKS2321,11, RM1.84 ,32.1,0,9,5.7,20.24
1/2/2023,96.3,0,27,17.1,VITAMILK D/CHOCO SHAKE 300ML,PKS2321,3, RM1.84 ,32.1,0,9,5.7,5.52
21/8/2023,720,0,0,0,V-KA CUTE/FRUITY MARSHMALLOW 24PCS,PKS0480,6, RM7.10 ,120,0,0,0,42.60
26/6/2023,1320,0,0,0,V-KA FRUIT CANDY LIME / GRAPE MINT FLAVOR 24PCS,PKS6201,11, RM7.10 ,120,0,0,0,78.10
11/7/2023,120,0,0,0,V-KA FRUIT CANDY LIME / GRAPE MINT FLAVOR 24PCS,PKS6201,1, RM7.10 ,120,0,0,0,7.10
12/3/2023,120,0,0,0,V-KA JOLA LOLLIPOP 24PCS,PKS6203,1, RM22.80 ,120,0,0,0,22.80
12/3/2023,40,0,0,0,V-KA LOLLIPOP 1PCS,PKS2039,8, RM0.95 ,5,0,0,0,7.60
12/3/2023,720,0,0,0,V-KA LOLLIPOP 24PCS,PKS6204,6, RM22.80 ,120,0,0,0,136.80
8/8/2023,234,0,0,0,V-KA MIX SOFT GUMMY CANDY 30PCS,PKS6139,2, RM8.50 ,117,0,0,0,17.00
16/5/2023,234,0,0,0,V-KA PIZZA GUMMY BURGER MONSTER 30+2PCS,PKS1302,2, RM8.50 ,117,0,0,0,17.00
21/8/2023,450,30,150,180,V-SOY MULTI-GRAIN 1000ML,PKS2955,6, RM5.34 ,75,5,25,30,32.04
1/2/2023,300,20,100,120,V-SOY MULTI-GRAIN 1000ML,PKS2955,4, RM4.54 ,75,5,25,30,18.16
21/8/2023,525,35,175,210,V-SOY MULTI-GRAIN NO SUGAR 1000ML,PKS6017,7, RM5.34 ,75,5,25,30,37.38
21/8/2023,75,5,25,30,V-SOY NO SUGAR 200ML,PKS5598,5, RM4.95 ,15,1,5,6,24.75
13/6/2023,936,0,0,0,WAKAKA GUMMY 60PCS,PKS5912,4, RM17.60 ,234,0,0,0,70.40
4/7/2023,468,0,0,0,WAKAKA GUMMY 60PCS,PKS5912,2, RM17.60 ,234,0,0,0,35.20
6/7/2023,54,0.9,2.1,3.9,WALL' MOCHI CHEWY 45ML,PKS6089,3, RM1.60 ,18,0.3,0.7,1.3,4.80
6/7/2023,273,13,39,39,WALL'S CORNETTO CHOCO 110ML (NEW),PKS6004,13, RM2.45 ,21,1,3,3,31.85
6/7/2023,112,8,12,24,WALL'S CORNETTO DARK CHOCO BROWNIE 107ML,PKS5296,4, RM3.04 ,28,2,3,6,12.16
6/7/2023,224,8,24,80,WALL'S CORNETTO VANILA 110ML (NEW),PKS6003,8, RM2.45 ,28,1,3,10,19.60
6/7/2023,24.8,0,0,7.2,WALL'S SOLERO LIME&VANILA SPLIT 64ML,PKS5029,2, RM0.91 ,12.4,0,0,3.6,1.82
6/7/2023,97.2,0,0,0,WALL'S TEALIVE BOBA 65ML,PKS5059,3, RM2.00 ,32.4,0,0,0,6.00
6/7/2023,15,1,2,12,WALL'S TOPTEN CHOC 70ML,PKS5018,1, RM1.77 ,15,1,2,12,1.77
14/3/2023,15,1,2,12,WATER GAME 8PCS,PKS4087,1, RM2.90 ,15,1,2,12,2.90
1/3/2023,15,1,2,12,WATER GAME 8PCS,PKS4087,1, RM2.00 ,15,1,2,12,2.00
1/2/2023,45,3,6,36,WATER GAME 8PCS,PKS4087,3, RM2.08 ,15,1,2,12,6.24
13/6/2023,4680,0,0,0,WATERMELON BOOM BUBBLE GUM 30PCS,PKS2438,26, RM8.80 ,180,0,0,0,228.80
23/5/2023,180,0,0,0,WESLSY FRUIT PULP JUICE 10PCS,PKS1440,3, RM3.10 ,60,0,0,0,9.30
21/2/2023,13369.2,312,780,483.6,WHISTLE & POPPING CANDY 30PCS,PKS6097,13, RM8.80 ,1028.4,24,60,37.2,114.40
9/6/2023,347.9,22.54,16.17,99.96,WIN2 MAGIC CRUNCH STRAW 70G,PKS3170,7, RM1.05 ,49.7,3.22,2.31,14.28,7.35
16/8/2023,4939.2,158.4,511.2,1562.4,WIN2 POTATO CRISP CURRY 30PCS,PKS2042,12, RM8.00 ,411.6,13.2,42.6,130.2,96.00
16/8/2023,9878.4,316.8,1022.4,3124.8,WIN2 POTATO CRISP TOMATO 30PCS,PKS0234,24, RM8.00 ,411.6,13.2,42.6,130.2,192.00
6/7/2023,174,0,11.6,46.4,WINGO CHOC SWEET HEART 580G,PKS1819,1, RM9.79 ,174,0,11.6,46.4,9.79
8/5/2023,720,0,48,192,WINGO CHOCOLATE BISCUIT 200G,PKS5879,12, RM4.84 ,60,0,4,16,58.08
6/7/2023,104.4,0,12.6,5.4,WINGO STICK CHOC 40PCS,PKS3520,1, RM4.60 ,104.4,0,12.6,5.4,4.60
16/2/2023,435,0,52.5,22.5,WINGO STICK CHOC WITH DURIAN 40PCS,PKS3521,1, RM6.60 ,435,0,52.5,22.5,6.60
18/1/2023,72.5,0,8.75,3.75,WINKIDZ APPLE 250ML,PKS3081,1, RM2.01 ,72.5,0,8.75,3.75,2.01
3/8/2023,3204,0,80,16,WQX PAI XIANG SHI MEI 2KG,PKS3042,2, RM26.00 ,1602,0,40,8,52.00
3/8/2023,1602,0,40,8,WQX QING REN MEI 2KG,PKS5085,1, RM28.00 ,1602,0,40,8,28.00
13/4/2023,72.25,17,15.3,1.7,YEO'S BAKED BEANS 425G,PKS3739,1, RM3.87 ,72.25,17,15.3,1.7,3.87
12/1/2023,72.25,17,15.3,1.7,YEO'S BAKED BEANS 425G,PKS3739,1, RM3.87 ,72.25,17,15.3,1.7,3.87
13/2/2023,21,0,0,0,YEO'S C/THEMUM TEA 300ML (TIN),PKS1198,1, RM1.22 ,21,0,0,0,1.22
14/4/2023,84,0,0,0,YEO'S CHRYSANTHEMUM TEA 250ML (KOTAK),PKS3891,4, RM0.75 ,21,0,0,0,3.00
14/2/2023,21,0,0,0,YEO'S CHRYSANTHEMUM TEA 250ML (KOTAK),PKS3891,1, RM18.20 ,21,0,0,0,18.20
15/8/2023,34,0,0,0,YEO'S ICED LEMON TEA 300ML (TIN),PKS1200,1, RM1.11 ,34,0,0,0,1.11
13/2/2023,16.24,0,34.22,21.75,YEO'S KARI AYAM 145G,PKS2257,2, RM3.05 ,8.12,0,17.11,10.88,6.10
15/8/2023,25.5,0,0,0,YEO'S LYCHEE 250ML (KOTAK),PKS3894,1, RM0.75 ,25.5,0,0,0,0.75
13/2/2023,25.5,0,0,0,YEO'S LYCHEE 250ML (KOTAK),PKS3894,1, RM0.77 ,25.5,0,0,0,0.77
12/1/2023,17.36,0,25.73,11.47,YEO'S SARDINES 155G,PKS0434,1, RM3.31 ,17.36,0,25.73,11.47,3.31
17/5/2023,26,1,6,3.5,YEO'S SOY BEAN MILK 300ML (TIN),PKS1201,1, RM1.15 ,26,1,6,3.5,1.15
17/5/2023,35,0,1,1.3,YEO'S YEOGURT G/APPLE 250ML,PKS0974,1, RM1.39 ,35,0,1,1.3,1.39
13/2/2023,35,0,1,1.3,YEO'S YEOGURT GRAPE 250ML,PKS0976,1, RM1.48 ,35,0,1,1.3,1.48
18/1/2023,41.2,0,0,0,YOGEE KONJAC JELLY APPLE 200G (10'S),PKS3661,1, RM3.00 ,41.2,0,0,0,3.00
18/1/2023,288.4,0,0,0,YOGEE KONJAC JELLY APPLE 200G (10'S),PKS3661,7, RM3.00 ,41.2,0,0,0,21.00
18/1/2023,82.4,0,0,0,YOGEE KONJAC JELLY LEMON 200G (10'S),PKS3666,2, RM3.00 ,41.2,0,0,0,6.00
22/8/2023,1416,0,24,0,YOYO MARSHMALLOW 30PCS,PKS3860,8, RM8.80 ,177,0,3,0,70.40
20/1/2023,123.3,0,265.5,460.8,ZIZI KUACI BUTTER 108G,PKS4177,1, RM1.90 ,123.3,0,265.5,460.8,1.90
20/1/2023,123.3,0,265.5,460.8,ZIZI KUACI BUTTER 108G,PKS2722,1, RM1.90 ,123.3,0,265.5,460.8,1.90
18/1/2023,232.9,0,501.5,870.4,ZIZI KUACI CARAMEL 108G,PKS2695,9, RM1.90 ,25.88,0,55.72,96.71,17.10
3/2/2023,232.9,0,501.5,870.4,ZIZI KUACI CARAMEL 108G,PKS2696,17, RM1.90 ,13.7,0,29.5,51.2,32.30
